"f","new_date","reading","hours_skipped","reading_diff","jump"
"data-raw/raw_soil_data/2015_2/EM20068 4Nov15-1138.txt",2000-01-01 20:00:00,5331,-430362,1,1
"data-raw/raw_soil_data/2015_1/EM20085_2015-04-30-1008.txt",2000-01-02 02:00:00,501,-129894,1,1
"data-raw/raw_soil_data/2015_2/EM20085 4Nov15-1134.txt",2000-01-02 06:00:00,6756,-138712,1,1
"data-raw/raw_soil_data/2015_2/EM20085 4Nov15-1134.txt",2000-01-02 22:00:00,6762,4,1,1
"data-raw/raw_soil_data/2015_2/EM20085 4Nov15-1134.txt",2000-01-06 04:00:00,6799,4,1,1
"data-raw/raw_soil_data/2015_2/EL5743 4Nov15-1828.txt",2002-01-27 14:00:00,1248,-119054,1,1
"data-raw/raw_soil_data/2013_1/EM20070.txt",2013-05-11 12:00:00,2532,2,1,1
"data-raw/raw_soil_data/2013_1/EM20085.txt",2013-05-11 12:00:00,2533,2,1,1
"data-raw/raw_soil_data/2013_2/EM20086_2013_11_09.txt",2013-09-03 08:00:00,1342,4,1,1
"data-raw/raw_soil_data/2013_2/EM20086_2013_11_09.txt",2013-09-04 10:00:00,1351,8,1,1
"data-raw/raw_soil_data/2013_2/EM20086_2013_11_09.txt",2013-09-05 14:00:00,1359,12,1,1
"data-raw/raw_soil_data/2014_1/12_13Apr14-1106.txt",2013-11-12 22:00:00,1398,6,1,1
"data-raw/raw_soil_data/2014_1/11_12_C_13Apr14-1102.txt",2014-03-12 08:00:00,3591,-6,1,1
"data-raw/raw_soil_data/2014_1/7_8_C_13Apr14-0740.txt",2014-03-12 08:00:00,3627,-6,1,1
"data-raw/raw_soil_data/2014_1/8_13Apr14-1045.txt",2014-03-12 08:00:00,3627,-6,1,1
"data-raw/raw_soil_data/2014_1/EM6843_13Apr14-0746.txt",2014-03-12 08:00:00,3626,-6,1,1
"data-raw/raw_soil_data/2014_1/1_13Apr14-1120.txt",2014-03-12 14:00:00,1476,2,1,1
"data-raw/raw_soil_data/2014_1/1_2_C_13Apr14-1116.txt",2014-03-12 14:00:00,1476,2,1,1
"data-raw/raw_soil_data/2014_1/11_13Apr14-1110.txt",2014-03-12 14:00:00,3626,2,1,1
"data-raw/raw_soil_data/2014_1/12_13Apr14-1106.txt",2014-03-12 14:00:00,2837,-6,1,1
"data-raw/raw_soil_data/2014_1/2_13Apr14-1124.txt",2014-03-12 14:00:00,1476,2,1,1
"data-raw/raw_soil_data/2014_2/15_reordered.txt",2014-05-13 16:00:00,156,416,1,1
"data-raw/raw_soil_data/2014_2/15_reordered.txt",2014-05-13 20:00:00,157,2,1,1
"data-raw/raw_soil_data/2014_2/15_reordered.txt",2014-05-14 00:00:00,158,2,1,1
"data-raw/raw_soil_data/2014_2/15_reordered.txt",2014-05-14 04:00:00,159,2,1,1
"data-raw/raw_soil_data/2014_2/15_reordered.txt",2014-05-14 08:00:00,160,2,1,1
"data-raw/raw_soil_data/2014_2/15_reordered.txt",2014-05-14 12:00:00,161,2,1,1
"data-raw/raw_soil_data/2014_2/15_reordered.txt",2014-05-14 16:00:00,162,2,1,1
"data-raw/raw_soil_data/2014_2/15_reordered.txt",2014-05-14 20:00:00,163,2,1,1
"data-raw/raw_soil_data/2014_2/15_reordered.txt",2014-05-15 00:00:00,164,2,1,1
"data-raw/raw_soil_data/2014_2/15_reordered.txt",2014-05-15 04:00:00,165,2,1,1
"data-raw/raw_soil_data/2014_2/15_reordered.txt",2014-05-15 08:00:00,166,2,1,1
"data-raw/raw_soil_data/2014_2/15_reordered.txt",2014-05-15 12:00:00,167,2,1,1
"data-raw/raw_soil_data/2014_2/15_reordered.txt",2014-05-15 16:00:00,168,2,1,1
"data-raw/raw_soil_data/2014_2/15_reordered.txt",2014-05-15 20:00:00,169,2,1,1
"data-raw/raw_soil_data/2014_2/15_reordered.txt",2014-05-16 00:00:00,170,2,1,1
"data-raw/raw_soil_data/2014_2/15_reordered.txt",2014-05-16 04:00:00,171,2,1,1
"data-raw/raw_soil_data/2014_2/15_reordered.txt",2014-05-16 08:00:00,172,2,1,1
"data-raw/raw_soil_data/2014_2/15_reordered.txt",2014-05-16 12:00:00,173,2,1,1
"data-raw/raw_soil_data/2014_2/15_reordered.txt",2014-05-16 16:00:00,174,2,1,1
"data-raw/raw_soil_data/2014_2/15_reordered.txt",2014-05-16 20:00:00,175,2,1,1
"data-raw/raw_soil_data/2014_2/15_reordered.txt",2014-05-17 00:00:00,176,2,1,1
"data-raw/raw_soil_data/2014_2/15_reordered.txt",2014-05-17 04:00:00,177,2,1,1
"data-raw/raw_soil_data/2014_2/15_reordered.txt",2014-05-17 08:00:00,178,2,1,1
"data-raw/raw_soil_data/2014_2/15_reordered.txt",2014-05-17 12:00:00,179,2,1,1
"data-raw/raw_soil_data/2014_2/15_reordered.txt",2014-05-17 16:00:00,180,2,1,1
"data-raw/raw_soil_data/2014_2/15_reordered.txt",2014-05-17 20:00:00,181,2,1,1
"data-raw/raw_soil_data/2014_2/15_reordered.txt",2014-05-18 00:00:00,182,2,1,1
"data-raw/raw_soil_data/2014_2/15_reordered.txt",2014-05-18 04:00:00,183,2,1,1
"data-raw/raw_soil_data/2014_2/15_reordered.txt",2014-05-18 08:00:00,184,2,1,1
"data-raw/raw_soil_data/2014_2/15_reordered.txt",2014-05-18 12:00:00,185,2,1,1
"data-raw/raw_soil_data/2014_2/15_reordered.txt",2014-05-18 16:00:00,186,2,1,1
"data-raw/raw_soil_data/2014_2/15_reordered.txt",2014-05-18 20:00:00,187,2,1,1
"data-raw/raw_soil_data/2014_2/15_reordered.txt",2014-05-19 00:00:00,188,2,1,1
"data-raw/raw_soil_data/2014_2/15_reordered.txt",2014-05-19 04:00:00,189,2,1,1
"data-raw/raw_soil_data/2014_2/15_reordered.txt",2014-05-19 08:00:00,190,2,1,1
"data-raw/raw_soil_data/2014_2/15_reordered.txt",2014-05-19 12:00:00,191,2,1,1
"data-raw/raw_soil_data/2014_2/15_reordered.txt",2014-05-19 16:00:00,192,2,1,1
"data-raw/raw_soil_data/2014_2/15_reordered.txt",2014-05-19 20:00:00,193,2,1,1
"data-raw/raw_soil_data/2014_2/15_reordered.txt",2014-05-20 00:00:00,194,2,1,1
"data-raw/raw_soil_data/2014_2/15_reordered.txt",2014-05-20 04:00:00,195,2,1,1
"data-raw/raw_soil_data/2014_2/15_reordered.txt",2014-05-20 08:00:00,196,2,1,1
"data-raw/raw_soil_data/2014_2/15_reordered.txt",2014-05-20 12:00:00,197,2,1,1
"data-raw/raw_soil_data/2014_2/15_reordered.txt",2014-05-20 16:00:00,198,2,1,1
"data-raw/raw_soil_data/2014_2/15_reordered.txt",2014-05-20 20:00:00,199,2,1,1
"data-raw/raw_soil_data/2014_2/15_reordered.txt",2014-05-21 00:00:00,200,2,1,1
"data-raw/raw_soil_data/2014_2/15_reordered.txt",2014-05-21 04:00:00,201,2,1,1
"data-raw/raw_soil_data/2014_2/15_reordered.txt",2014-05-21 08:00:00,202,2,1,1
"data-raw/raw_soil_data/2014_2/15_reordered.txt",2014-05-21 12:00:00,203,2,1,1
"data-raw/raw_soil_data/2014_2/15_reordered.txt",2014-05-21 16:00:00,204,2,1,1
"data-raw/raw_soil_data/2014_2/15_reordered.txt",2014-05-21 20:00:00,205,2,1,1
"data-raw/raw_soil_data/2014_2/15_reordered.txt",2014-05-22 00:00:00,206,2,1,1
"data-raw/raw_soil_data/2014_2/15_reordered.txt",2014-05-22 04:00:00,207,2,1,1
"data-raw/raw_soil_data/2014_2/15_reordered.txt",2014-05-22 08:00:00,208,2,1,1
"data-raw/raw_soil_data/2014_2/15_reordered.txt",2014-05-22 12:00:00,209,2,1,1
"data-raw/raw_soil_data/2014_2/15_reordered.txt",2014-05-22 16:00:00,210,2,1,1
"data-raw/raw_soil_data/2014_2/15_reordered.txt",2014-05-22 20:00:00,211,2,1,1
"data-raw/raw_soil_data/2014_2/15_reordered.txt",2014-05-23 00:00:00,212,2,1,1
"data-raw/raw_soil_data/2014_2/15_reordered.txt",2014-05-23 04:00:00,213,2,1,1
"data-raw/raw_soil_data/2014_2/15_reordered.txt",2014-05-23 08:00:00,214,2,1,1
"data-raw/raw_soil_data/2014_2/15_reordered.txt",2014-05-23 12:00:00,215,2,1,1
"data-raw/raw_soil_data/2014_2/15_reordered.txt",2014-05-23 16:00:00,216,2,1,1
"data-raw/raw_soil_data/2014_2/15_reordered.txt",2014-05-23 20:00:00,217,2,1,1
"data-raw/raw_soil_data/2014_2/15_reordered.txt",2014-05-24 00:00:00,218,2,1,1
"data-raw/raw_soil_data/2014_2/15_reordered.txt",2014-05-24 04:00:00,219,2,1,1
"data-raw/raw_soil_data/2014_2/15_reordered.txt",2014-05-24 08:00:00,220,2,1,1
"data-raw/raw_soil_data/2014_2/15_reordered.txt",2014-05-24 12:00:00,221,2,1,1
"data-raw/raw_soil_data/2014_2/15_reordered.txt",2014-05-24 16:00:00,222,2,1,1
"data-raw/raw_soil_data/2014_2/15_reordered.txt",2014-05-24 20:00:00,223,2,1,1
"data-raw/raw_soil_data/2014_2/15_reordered.txt",2014-05-25 00:00:00,224,2,1,1
"data-raw/raw_soil_data/2014_2/15_reordered.txt",2014-05-25 04:00:00,225,2,1,1
"data-raw/raw_soil_data/2014_2/15_reordered.txt",2014-05-25 08:00:00,226,2,1,1
"data-raw/raw_soil_data/2014_2/15_reordered.txt",2014-05-25 12:00:00,227,2,1,1
"data-raw/raw_soil_data/2014_2/15_reordered.txt",2014-05-25 16:00:00,228,2,1,1
"data-raw/raw_soil_data/2014_2/15_reordered.txt",2014-05-25 20:00:00,229,2,1,1
"data-raw/raw_soil_data/2014_2/15_reordered.txt",2014-05-26 00:00:00,230,2,1,1
"data-raw/raw_soil_data/2014_2/15_reordered.txt",2014-05-26 04:00:00,231,2,1,1
"data-raw/raw_soil_data/2014_2/15_reordered.txt",2014-05-26 08:00:00,232,2,1,1
"data-raw/raw_soil_data/2014_2/15_reordered.txt",2014-05-26 12:00:00,233,2,1,1
"data-raw/raw_soil_data/2014_2/15_reordered.txt",2014-05-26 16:00:00,234,2,1,1
"data-raw/raw_soil_data/2014_2/15_reordered.txt",2014-05-26 20:00:00,235,2,1,1
"data-raw/raw_soil_data/2014_2/15_reordered.txt",2014-05-27 00:00:00,236,2,1,1
"data-raw/raw_soil_data/2014_2/15_reordered.txt",2014-05-27 04:00:00,237,2,1,1
"data-raw/raw_soil_data/2014_2/15_reordered.txt",2014-05-27 08:00:00,238,2,1,1
"data-raw/raw_soil_data/2014_2/15_reordered.txt",2014-05-27 12:00:00,239,2,1,1
"data-raw/raw_soil_data/2014_2/15_reordered.txt",2014-05-27 16:00:00,240,2,1,1
"data-raw/raw_soil_data/2014_2/15_reordered.txt",2014-05-27 20:00:00,241,2,1,1
"data-raw/raw_soil_data/2014_2/15_reordered.txt",2014-05-28 00:00:00,242,2,1,1
"data-raw/raw_soil_data/2014_2/15_reordered.txt",2014-05-28 04:00:00,243,2,1,1
"data-raw/raw_soil_data/2014_2/15_reordered.txt",2014-05-28 08:00:00,244,2,1,1
"data-raw/raw_soil_data/2014_2/15_reordered.txt",2014-05-28 12:00:00,245,2,1,1
"data-raw/raw_soil_data/2014_2/15_reordered.txt",2014-05-28 16:00:00,246,2,1,1
"data-raw/raw_soil_data/2014_2/15_reordered.txt",2014-05-28 20:00:00,247,2,1,1
"data-raw/raw_soil_data/2014_2/15_reordered.txt",2014-05-29 00:00:00,248,2,1,1
"data-raw/raw_soil_data/2014_2/15_reordered.txt",2014-05-29 04:00:00,249,2,1,1
"data-raw/raw_soil_data/2014_2/15_reordered.txt",2014-05-29 08:00:00,250,2,1,1
"data-raw/raw_soil_data/2014_2/15_reordered.txt",2014-05-29 12:00:00,251,2,1,1
"data-raw/raw_soil_data/2014_2/15_reordered.txt",2014-05-29 16:00:00,252,2,1,1
"data-raw/raw_soil_data/2014_2/15_reordered.txt",2014-05-29 20:00:00,253,2,1,1
"data-raw/raw_soil_data/2014_2/15_reordered.txt",2014-05-30 00:00:00,254,2,1,1
"data-raw/raw_soil_data/2014_2/15_reordered.txt",2014-05-30 04:00:00,255,2,1,1
"data-raw/raw_soil_data/2014_2/15_reordered.txt",2014-05-30 08:00:00,256,2,1,1
"data-raw/raw_soil_data/2014_2/15_reordered.txt",2014-05-30 12:00:00,257,2,1,1
"data-raw/raw_soil_data/2014_2/15_reordered.txt",2014-05-30 16:00:00,258,2,1,1
"data-raw/raw_soil_data/2014_2/15_reordered.txt",2014-05-30 20:00:00,259,2,1,1
"data-raw/raw_soil_data/2014_2/15_reordered.txt",2014-05-31 00:00:00,260,2,1,1
"data-raw/raw_soil_data/2014_2/15_reordered.txt",2014-05-31 04:00:00,261,2,1,1
"data-raw/raw_soil_data/2014_2/15_reordered.txt",2014-05-31 08:00:00,262,2,1,1
"data-raw/raw_soil_data/2014_2/15_reordered.txt",2014-05-31 12:00:00,263,2,1,1
"data-raw/raw_soil_data/2014_2/15_reordered.txt",2014-05-31 16:00:00,264,2,1,1
"data-raw/raw_soil_data/2014_2/15_reordered.txt",2014-05-31 20:00:00,265,2,1,1
"data-raw/raw_soil_data/2014_2/15_reordered.txt",2014-06-01 00:00:00,266,2,1,1
"data-raw/raw_soil_data/2014_2/15_reordered.txt",2014-06-01 04:00:00,267,2,1,1
"data-raw/raw_soil_data/2014_2/15_reordered.txt",2014-06-01 08:00:00,268,2,1,1
"data-raw/raw_soil_data/2014_2/15_reordered.txt",2014-06-01 12:00:00,269,2,1,1
"data-raw/raw_soil_data/2014_2/15_reordered.txt",2014-06-01 16:00:00,270,2,1,1
"data-raw/raw_soil_data/2014_2/15_reordered.txt",2014-06-01 20:00:00,271,2,1,1
"data-raw/raw_soil_data/2014_2/15_reordered.txt",2014-06-02 00:00:00,272,2,1,1
"data-raw/raw_soil_data/2014_2/15_reordered.txt",2014-06-02 04:00:00,273,2,1,1
"data-raw/raw_soil_data/2014_2/15_reordered.txt",2014-06-02 08:00:00,274,2,1,1
"data-raw/raw_soil_data/2014_2/15_reordered.txt",2014-06-02 12:00:00,275,2,1,1
"data-raw/raw_soil_data/2014_2/15_reordered.txt",2014-06-02 16:00:00,276,2,1,1
"data-raw/raw_soil_data/2014_2/15_reordered.txt",2014-06-02 20:00:00,277,2,1,1
"data-raw/raw_soil_data/2014_2/15_reordered.txt",2014-06-03 00:00:00,278,2,1,1
"data-raw/raw_soil_data/2014_2/15_reordered.txt",2014-06-03 04:00:00,279,2,1,1
"data-raw/raw_soil_data/2014_2/15_reordered.txt",2014-06-03 08:00:00,280,2,1,1
"data-raw/raw_soil_data/2014_2/15_reordered.txt",2014-06-03 12:00:00,281,2,1,1
"data-raw/raw_soil_data/2014_2/15_reordered.txt",2014-06-03 16:00:00,282,2,1,1
"data-raw/raw_soil_data/2014_2/15_reordered.txt",2014-06-03 20:00:00,283,2,1,1
"data-raw/raw_soil_data/2014_2/15_reordered.txt",2014-06-04 00:00:00,284,2,1,1
"data-raw/raw_soil_data/2014_2/15_reordered.txt",2014-06-04 04:00:00,285,2,1,1
"data-raw/raw_soil_data/2014_2/15_reordered.txt",2014-06-04 08:00:00,286,2,1,1
"data-raw/raw_soil_data/2014_2/15_reordered.txt",2014-06-04 12:00:00,287,2,1,1
"data-raw/raw_soil_data/2014_2/15_reordered.txt",2014-06-04 16:00:00,288,2,1,1
"data-raw/raw_soil_data/2014_2/15_reordered.txt",2014-06-04 20:00:00,289,2,1,1
"data-raw/raw_soil_data/2014_2/15_reordered.txt",2014-06-05 00:00:00,290,2,1,1
"data-raw/raw_soil_data/2014_2/15_reordered.txt",2014-06-05 04:00:00,291,2,1,1
"data-raw/raw_soil_data/2014_2/15_reordered.txt",2014-06-05 08:00:00,292,2,1,1
"data-raw/raw_soil_data/2014_2/15_reordered.txt",2014-06-05 12:00:00,293,2,1,1
"data-raw/raw_soil_data/2014_2/15_reordered.txt",2014-06-05 16:00:00,294,2,1,1
"data-raw/raw_soil_data/2014_2/15_reordered.txt",2014-06-05 20:00:00,295,2,1,1
"data-raw/raw_soil_data/2014_2/15_reordered.txt",2014-06-06 00:00:00,296,2,1,1
"data-raw/raw_soil_data/2014_2/15_reordered.txt",2014-06-06 04:00:00,297,2,1,1
"data-raw/raw_soil_data/2014_2/15_reordered.txt",2014-06-06 08:00:00,298,2,1,1
"data-raw/raw_soil_data/2014_2/15_reordered.txt",2014-06-06 12:00:00,299,2,1,1
"data-raw/raw_soil_data/2014_2/15_reordered.txt",2014-06-06 16:00:00,300,2,1,1
"data-raw/raw_soil_data/2014_2/15_reordered.txt",2014-06-06 20:00:00,301,2,1,1
"data-raw/raw_soil_data/2014_2/15_reordered.txt",2014-06-07 00:00:00,302,2,1,1
"data-raw/raw_soil_data/2014_2/15_reordered.txt",2014-06-07 04:00:00,303,2,1,1
"data-raw/raw_soil_data/2014_2/15_reordered.txt",2014-06-07 08:00:00,304,2,1,1
"data-raw/raw_soil_data/2014_2/15_reordered.txt",2014-06-07 12:00:00,305,2,1,1
"data-raw/raw_soil_data/2014_2/15_reordered.txt",2014-06-07 16:00:00,306,2,1,1
"data-raw/raw_soil_data/2014_2/15_reordered.txt",2014-06-07 20:00:00,307,2,1,1
"data-raw/raw_soil_data/2014_2/15_reordered.txt",2014-06-08 00:00:00,308,2,1,1
"data-raw/raw_soil_data/2014_2/15_reordered.txt",2014-06-08 04:00:00,309,2,1,1
"data-raw/raw_soil_data/2014_2/15_reordered.txt",2014-06-08 08:00:00,310,2,1,1
"data-raw/raw_soil_data/2014_2/15_reordered.txt",2014-06-08 12:00:00,311,2,1,1
"data-raw/raw_soil_data/2014_2/15_reordered.txt",2014-06-08 16:00:00,312,2,1,1
"data-raw/raw_soil_data/2014_2/15_reordered.txt",2014-06-08 20:00:00,313,2,1,1
"data-raw/raw_soil_data/2014_2/15_reordered.txt",2014-06-09 00:00:00,314,2,1,1
"data-raw/raw_soil_data/2014_2/15_reordered.txt",2014-06-09 04:00:00,315,2,1,1
"data-raw/raw_soil_data/2014_2/15_reordered.txt",2014-06-09 08:00:00,316,2,1,1
"data-raw/raw_soil_data/2014_2/15_reordered.txt",2014-06-09 12:00:00,317,2,1,1
"data-raw/raw_soil_data/2014_2/15_reordered.txt",2014-06-09 16:00:00,318,2,1,1
"data-raw/raw_soil_data/2014_2/15_reordered.txt",2014-06-09 20:00:00,319,2,1,1
"data-raw/raw_soil_data/2014_2/15_reordered.txt",2014-06-10 00:00:00,320,2,1,1
"data-raw/raw_soil_data/2014_2/15_reordered.txt",2014-06-10 04:00:00,321,2,1,1
"data-raw/raw_soil_data/2014_2/15_reordered.txt",2014-06-10 08:00:00,322,2,1,1
"data-raw/raw_soil_data/2014_2/15_reordered.txt",2014-06-10 12:00:00,323,2,1,1
"data-raw/raw_soil_data/2014_2/15_reordered.txt",2014-06-10 16:00:00,324,2,1,1
"data-raw/raw_soil_data/2014_2/15_reordered.txt",2014-06-10 20:00:00,325,2,1,1
"data-raw/raw_soil_data/2014_2/15_reordered.txt",2014-06-11 00:00:00,326,2,1,1
"data-raw/raw_soil_data/2014_2/15_reordered.txt",2014-06-11 04:00:00,327,2,1,1
"data-raw/raw_soil_data/2014_2/15_reordered.txt",2014-06-11 08:00:00,328,2,1,1
"data-raw/raw_soil_data/2014_2/15_reordered.txt",2014-06-11 12:00:00,329,2,1,1
"data-raw/raw_soil_data/2014_2/15_reordered.txt",2014-06-11 16:00:00,330,2,1,1
"data-raw/raw_soil_data/2014_2/15_reordered.txt",2014-06-11 20:00:00,331,2,1,1
"data-raw/raw_soil_data/2014_2/15_reordered.txt",2014-06-12 00:00:00,332,2,1,1
"data-raw/raw_soil_data/2014_2/15_reordered.txt",2014-06-12 04:00:00,333,2,1,1
"data-raw/raw_soil_data/2014_2/15_reordered.txt",2014-06-12 08:00:00,334,2,1,1
"data-raw/raw_soil_data/2014_2/15_reordered.txt",2014-06-12 12:00:00,335,2,1,1
"data-raw/raw_soil_data/2014_2/15_reordered.txt",2014-06-12 16:00:00,336,2,1,1
"data-raw/raw_soil_data/2014_2/15_reordered.txt",2014-06-12 20:00:00,337,2,1,1
"data-raw/raw_soil_data/2014_2/15_reordered.txt",2014-06-13 00:00:00,338,2,1,1
"data-raw/raw_soil_data/2014_2/15_reordered.txt",2014-06-13 04:00:00,339,2,1,1
"data-raw/raw_soil_data/2014_2/15_reordered.txt",2014-06-13 08:00:00,340,2,1,1
"data-raw/raw_soil_data/2014_2/15_reordered.txt",2014-06-13 12:00:00,341,2,1,1
"data-raw/raw_soil_data/2014_2/15_reordered.txt",2014-06-13 16:00:00,342,2,1,1
"data-raw/raw_soil_data/2014_2/15_reordered.txt",2014-06-13 20:00:00,343,2,1,1
"data-raw/raw_soil_data/2014_2/15_reordered.txt",2014-06-14 00:00:00,344,2,1,1
"data-raw/raw_soil_data/2014_2/15_reordered.txt",2014-06-14 04:00:00,345,2,1,1
"data-raw/raw_soil_data/2014_2/15_reordered.txt",2014-06-14 08:00:00,346,2,1,1
"data-raw/raw_soil_data/2014_2/15_reordered.txt",2014-06-14 12:00:00,347,2,1,1
"data-raw/raw_soil_data/2014_2/15_reordered.txt",2014-06-14 16:00:00,348,2,1,1
"data-raw/raw_soil_data/2014_2/15_reordered.txt",2014-06-14 20:00:00,349,2,1,1
"data-raw/raw_soil_data/2014_2/15_reordered.txt",2014-06-15 00:00:00,350,2,1,1
"data-raw/raw_soil_data/2014_2/15_reordered.txt",2014-06-15 04:00:00,351,2,1,1
"data-raw/raw_soil_data/2014_2/15_reordered.txt",2014-06-15 08:00:00,352,2,1,1
"data-raw/raw_soil_data/2014_2/15_reordered.txt",2014-06-15 12:00:00,353,2,1,1
"data-raw/raw_soil_data/2014_2/15_reordered.txt",2014-06-15 16:00:00,354,2,1,1
"data-raw/raw_soil_data/2014_2/15_reordered.txt",2014-06-15 20:00:00,355,2,1,1
"data-raw/raw_soil_data/2014_2/15_reordered.txt",2014-06-16 00:00:00,356,2,1,1
"data-raw/raw_soil_data/2014_2/15_reordered.txt",2014-06-16 04:00:00,357,2,1,1
"data-raw/raw_soil_data/2014_2/15_reordered.txt",2014-06-16 08:00:00,358,2,1,1
"data-raw/raw_soil_data/2014_2/15_reordered.txt",2014-06-16 12:00:00,359,2,1,1
"data-raw/raw_soil_data/2014_2/15_reordered.txt",2014-06-16 16:00:00,360,2,1,1
"data-raw/raw_soil_data/2014_2/15_reordered.txt",2014-06-16 20:00:00,361,2,1,1
"data-raw/raw_soil_data/2014_2/15_reordered.txt",2014-06-17 00:00:00,362,2,1,1
"data-raw/raw_soil_data/2014_2/15_reordered.txt",2014-06-17 04:00:00,363,2,1,1
"data-raw/raw_soil_data/2014_2/15_reordered.txt",2014-06-17 08:00:00,364,2,1,1
"data-raw/raw_soil_data/2014_2/15_reordered.txt",2014-06-17 12:00:00,365,2,1,1
"data-raw/raw_soil_data/2014_2/15_reordered.txt",2014-06-17 16:00:00,366,2,1,1
"data-raw/raw_soil_data/2014_2/15_reordered.txt",2014-06-17 20:00:00,367,2,1,1
"data-raw/raw_soil_data/2014_2/15_reordered.txt",2014-06-18 00:00:00,368,2,1,1
"data-raw/raw_soil_data/2014_2/15_reordered.txt",2014-06-18 04:00:00,369,2,1,1
"data-raw/raw_soil_data/2014_2/15_reordered.txt",2014-06-18 08:00:00,370,2,1,1
"data-raw/raw_soil_data/2014_2/15_reordered.txt",2014-06-18 12:00:00,371,2,1,1
"data-raw/raw_soil_data/2014_2/15_reordered.txt",2014-06-18 16:00:00,372,2,1,1
"data-raw/raw_soil_data/2014_2/15_reordered.txt",2014-06-18 20:00:00,373,2,1,1
"data-raw/raw_soil_data/2014_2/15_reordered.txt",2014-06-19 00:00:00,374,2,1,1
"data-raw/raw_soil_data/2014_2/15_reordered.txt",2014-06-19 04:00:00,375,2,1,1
"data-raw/raw_soil_data/2014_2/15_reordered.txt",2014-06-19 08:00:00,376,2,1,1
"data-raw/raw_soil_data/2014_2/15_reordered.txt",2014-06-19 12:00:00,377,2,1,1
"data-raw/raw_soil_data/2014_2/15_reordered.txt",2014-06-19 16:00:00,378,2,1,1
"data-raw/raw_soil_data/2014_2/15_reordered.txt",2014-06-19 20:00:00,379,2,1,1
"data-raw/raw_soil_data/2014_2/15_reordered.txt",2014-06-20 00:00:00,380,2,1,1
"data-raw/raw_soil_data/2014_2/15_reordered.txt",2014-06-20 04:00:00,381,2,1,1
"data-raw/raw_soil_data/2014_2/15_reordered.txt",2014-06-20 08:00:00,382,2,1,1
"data-raw/raw_soil_data/2014_2/15_reordered.txt",2014-06-20 12:00:00,383,2,1,1
"data-raw/raw_soil_data/2014_2/15_reordered.txt",2014-06-20 16:00:00,384,2,1,1
"data-raw/raw_soil_data/2014_2/15_reordered.txt",2014-06-20 20:00:00,385,2,1,1
"data-raw/raw_soil_data/2014_2/15_reordered.txt",2014-06-21 00:00:00,386,2,1,1
"data-raw/raw_soil_data/2014_2/15_reordered.txt",2014-06-21 04:00:00,387,2,1,1
"data-raw/raw_soil_data/2014_2/15_reordered.txt",2014-06-21 08:00:00,388,2,1,1
"data-raw/raw_soil_data/2014_2/15_reordered.txt",2014-06-21 12:00:00,389,2,1,1
"data-raw/raw_soil_data/2014_2/15_reordered.txt",2014-06-21 16:00:00,390,2,1,1
"data-raw/raw_soil_data/2014_2/15_reordered.txt",2014-06-21 20:00:00,391,2,1,1
"data-raw/raw_soil_data/2014_2/15_reordered.txt",2014-06-22 00:00:00,392,2,1,1
"data-raw/raw_soil_data/2014_2/15_reordered.txt",2014-06-22 04:00:00,393,2,1,1
"data-raw/raw_soil_data/2014_2/15_reordered.txt",2014-06-22 08:00:00,394,2,1,1
"data-raw/raw_soil_data/2014_2/15_reordered.txt",2014-06-22 12:00:00,395,2,1,1
"data-raw/raw_soil_data/2014_2/15_reordered.txt",2014-06-22 16:00:00,396,2,1,1
"data-raw/raw_soil_data/2014_2/15_reordered.txt",2014-06-22 20:00:00,397,2,1,1
"data-raw/raw_soil_data/2014_2/15_reordered.txt",2014-06-23 00:00:00,398,2,1,1
"data-raw/raw_soil_data/2014_2/15_reordered.txt",2014-06-23 04:00:00,399,2,1,1
"data-raw/raw_soil_data/2014_2/15_reordered.txt",2014-06-23 08:00:00,400,2,1,1
"data-raw/raw_soil_data/2014_2/15_reordered.txt",2014-06-23 12:00:00,401,2,1,1
"data-raw/raw_soil_data/2014_2/15_reordered.txt",2014-06-23 16:00:00,402,2,1,1
"data-raw/raw_soil_data/2014_2/15_reordered.txt",2014-06-23 20:00:00,403,2,1,1
"data-raw/raw_soil_data/2014_2/15_reordered.txt",2014-06-24 00:00:00,404,2,1,1
"data-raw/raw_soil_data/2014_2/15_reordered.txt",2014-06-24 04:00:00,405,2,1,1
"data-raw/raw_soil_data/2014_2/15_reordered.txt",2014-06-24 08:00:00,406,2,1,1
"data-raw/raw_soil_data/2014_2/15_reordered.txt",2014-06-24 12:00:00,407,2,1,1
"data-raw/raw_soil_data/2014_2/15_reordered.txt",2014-06-24 16:00:00,408,2,1,1
"data-raw/raw_soil_data/2014_2/15_reordered.txt",2014-06-24 20:00:00,409,2,1,1
"data-raw/raw_soil_data/2014_2/15_reordered.txt",2014-06-25 00:00:00,410,2,1,1
"data-raw/raw_soil_data/2014_2/15_reordered.txt",2014-06-25 04:00:00,411,2,1,1
"data-raw/raw_soil_data/2014_2/15_reordered.txt",2014-06-25 08:00:00,412,2,1,1
"data-raw/raw_soil_data/2014_2/15_reordered.txt",2014-06-25 12:00:00,413,2,1,1
"data-raw/raw_soil_data/2014_2/15_reordered.txt",2014-06-25 16:00:00,414,2,1,1
"data-raw/raw_soil_data/2014_2/15_reordered.txt",2014-06-25 20:00:00,415,2,1,1
"data-raw/raw_soil_data/2014_2/15_reordered.txt",2014-06-26 00:00:00,416,2,1,1
"data-raw/raw_soil_data/2014_2/15_reordered.txt",2014-06-26 04:00:00,417,2,1,1
"data-raw/raw_soil_data/2014_2/15_reordered.txt",2014-06-26 08:00:00,418,2,1,1
"data-raw/raw_soil_data/2014_2/15_reordered.txt",2014-06-26 12:00:00,419,2,1,1
"data-raw/raw_soil_data/2014_2/15_reordered.txt",2014-06-26 16:00:00,420,2,1,1
"data-raw/raw_soil_data/2014_2/15_reordered.txt",2014-06-26 20:00:00,421,2,1,1
"data-raw/raw_soil_data/2014_2/15_reordered.txt",2014-06-27 00:00:00,422,2,1,1
"data-raw/raw_soil_data/2014_2/15_reordered.txt",2014-06-27 04:00:00,423,2,1,1
"data-raw/raw_soil_data/2014_2/15_reordered.txt",2014-06-27 08:00:00,424,2,1,1
"data-raw/raw_soil_data/2014_2/15_reordered.txt",2014-06-27 12:00:00,425,2,1,1
"data-raw/raw_soil_data/2014_2/15_reordered.txt",2014-06-27 16:00:00,426,2,1,1
"data-raw/raw_soil_data/2014_2/15_reordered.txt",2014-06-27 20:00:00,427,2,1,1
"data-raw/raw_soil_data/2014_2/15_reordered.txt",2014-06-28 00:00:00,428,2,1,1
"data-raw/raw_soil_data/2014_2/15_reordered.txt",2014-06-28 04:00:00,429,2,1,1
"data-raw/raw_soil_data/2014_2/15_reordered.txt",2014-06-28 08:00:00,430,2,1,1
"data-raw/raw_soil_data/2014_2/15_reordered.txt",2014-06-28 12:00:00,431,2,1,1
"data-raw/raw_soil_data/2014_2/15_reordered.txt",2014-06-28 16:00:00,432,2,1,1
"data-raw/raw_soil_data/2014_2/15_reordered.txt",2014-06-28 20:00:00,433,2,1,1
"data-raw/raw_soil_data/2014_2/15_reordered.txt",2014-06-29 00:00:00,434,2,1,1
"data-raw/raw_soil_data/2014_2/15_reordered.txt",2014-06-29 04:00:00,435,2,1,1
"data-raw/raw_soil_data/2014_2/15_reordered.txt",2014-06-29 08:00:00,436,2,1,1
"data-raw/raw_soil_data/2014_2/15_reordered.txt",2014-06-29 12:00:00,437,2,1,1
"data-raw/raw_soil_data/2014_2/15_reordered.txt",2014-06-29 16:00:00,438,2,1,1
"data-raw/raw_soil_data/2014_2/15_reordered.txt",2014-06-29 20:00:00,439,2,1,1
"data-raw/raw_soil_data/2014_2/15_reordered.txt",2014-06-30 00:00:00,440,2,1,1
"data-raw/raw_soil_data/2014_2/15_reordered.txt",2014-06-30 04:00:00,441,2,1,1
"data-raw/raw_soil_data/2014_2/15_reordered.txt",2014-06-30 08:00:00,442,2,1,1
"data-raw/raw_soil_data/2014_2/15_reordered.txt",2014-06-30 12:00:00,443,2,1,1
"data-raw/raw_soil_data/2014_2/15_reordered.txt",2014-06-30 16:00:00,444,2,1,1
"data-raw/raw_soil_data/2014_2/15_reordered.txt",2014-06-30 20:00:00,445,2,1,1
"data-raw/raw_soil_data/2014_2/15_reordered.txt",2014-07-01 00:00:00,446,2,1,1
"data-raw/raw_soil_data/2014_2/15_reordered.txt",2014-07-01 04:00:00,447,2,1,1
"data-raw/raw_soil_data/2014_2/15_reordered.txt",2014-07-01 08:00:00,448,2,1,1
"data-raw/raw_soil_data/2014_2/15_reordered.txt",2014-07-01 12:00:00,449,2,1,1
"data-raw/raw_soil_data/2014_2/15_reordered.txt",2014-07-01 16:00:00,450,2,1,1
"data-raw/raw_soil_data/2014_2/15_reordered.txt",2014-07-01 20:00:00,451,2,1,1
"data-raw/raw_soil_data/2014_2/15_reordered.txt",2014-07-02 00:00:00,452,2,1,1
"data-raw/raw_soil_data/2014_2/15_reordered.txt",2014-07-02 04:00:00,453,2,1,1
"data-raw/raw_soil_data/2014_2/15_reordered.txt",2014-07-02 08:00:00,454,2,1,1
"data-raw/raw_soil_data/2014_2/15_reordered.txt",2014-07-02 12:00:00,455,2,1,1
"data-raw/raw_soil_data/2014_2/15_reordered.txt",2014-07-02 16:00:00,456,2,1,1
"data-raw/raw_soil_data/2014_2/15_reordered.txt",2014-07-02 20:00:00,457,2,1,1
"data-raw/raw_soil_data/2014_2/15_reordered.txt",2014-07-03 00:00:00,458,2,1,1
"data-raw/raw_soil_data/2014_2/15_reordered.txt",2014-07-03 04:00:00,459,2,1,1
"data-raw/raw_soil_data/2014_2/15_reordered.txt",2014-07-03 08:00:00,460,2,1,1
"data-raw/raw_soil_data/2014_2/15_reordered.txt",2014-07-03 12:00:00,461,2,1,1
"data-raw/raw_soil_data/2014_2/15_reordered.txt",2014-07-03 16:00:00,462,2,1,1
"data-raw/raw_soil_data/2014_2/15_reordered.txt",2014-07-03 20:00:00,463,2,1,1
"data-raw/raw_soil_data/2014_2/15_reordered.txt",2014-07-04 00:00:00,464,2,1,1
"data-raw/raw_soil_data/2014_2/15_reordered.txt",2014-07-04 04:00:00,465,2,1,1
"data-raw/raw_soil_data/2014_2/15_reordered.txt",2014-07-04 08:00:00,466,2,1,1
"data-raw/raw_soil_data/2014_2/15_reordered.txt",2014-07-04 12:00:00,467,2,1,1
"data-raw/raw_soil_data/2014_2/15_reordered.txt",2014-07-04 16:00:00,468,2,1,1
"data-raw/raw_soil_data/2014_2/15_reordered.txt",2014-07-04 20:00:00,469,2,1,1
"data-raw/raw_soil_data/2014_2/15_reordered.txt",2014-07-05 00:00:00,470,2,1,1
"data-raw/raw_soil_data/2014_2/15_reordered.txt",2014-07-05 04:00:00,471,2,1,1
"data-raw/raw_soil_data/2014_2/15_reordered.txt",2014-07-05 08:00:00,472,2,1,1
"data-raw/raw_soil_data/2014_2/15_reordered.txt",2014-07-05 12:00:00,473,2,1,1
"data-raw/raw_soil_data/2014_2/15_reordered.txt",2014-07-05 16:00:00,474,2,1,1
"data-raw/raw_soil_data/2014_2/15_reordered.txt",2014-07-05 20:00:00,475,2,1,1
"data-raw/raw_soil_data/2014_2/15_reordered.txt",2014-07-06 00:00:00,476,2,1,1
"data-raw/raw_soil_data/2014_2/15_reordered.txt",2014-07-06 04:00:00,477,2,1,1
"data-raw/raw_soil_data/2014_2/15_reordered.txt",2014-07-06 08:00:00,478,2,1,1
"data-raw/raw_soil_data/2014_2/15_reordered.txt",2014-07-06 12:00:00,479,2,1,1
"data-raw/raw_soil_data/2014_2/15_reordered.txt",2014-07-06 16:00:00,480,2,1,1
"data-raw/raw_soil_data/2014_2/15_reordered.txt",2014-07-06 20:00:00,481,2,1,1
"data-raw/raw_soil_data/2014_2/15_reordered.txt",2014-07-07 00:00:00,482,2,1,1
"data-raw/raw_soil_data/2014_2/15_reordered.txt",2014-07-07 04:00:00,483,2,1,1
"data-raw/raw_soil_data/2014_2/15_reordered.txt",2014-07-07 08:00:00,484,2,1,1
"data-raw/raw_soil_data/2014_2/15_reordered.txt",2014-07-07 12:00:00,485,2,1,1
"data-raw/raw_soil_data/2014_2/15_reordered.txt",2014-07-07 16:00:00,486,2,1,1
"data-raw/raw_soil_data/2014_2/15_reordered.txt",2014-07-07 20:00:00,487,2,1,1
"data-raw/raw_soil_data/2014_2/15_reordered.txt",2014-07-08 00:00:00,488,2,1,1
"data-raw/raw_soil_data/2014_2/15_reordered.txt",2014-07-08 04:00:00,489,2,1,1
"data-raw/raw_soil_data/2014_2/15_reordered.txt",2014-07-08 08:00:00,490,2,1,1
"data-raw/raw_soil_data/2014_2/15_reordered.txt",2014-07-08 12:00:00,491,2,1,1
"data-raw/raw_soil_data/2014_2/15_reordered.txt",2014-07-08 16:00:00,492,2,1,1
"data-raw/raw_soil_data/2014_2/15_reordered.txt",2014-07-08 20:00:00,493,2,1,1
"data-raw/raw_soil_data/2014_2/15_reordered.txt",2014-07-09 00:00:00,494,2,1,1
"data-raw/raw_soil_data/2014_2/15_reordered.txt",2014-07-09 04:00:00,495,2,1,1
"data-raw/raw_soil_data/2014_2/15_reordered.txt",2014-07-09 08:00:00,496,2,1,1
"data-raw/raw_soil_data/2014_2/15_reordered.txt",2014-07-09 12:00:00,497,2,1,1
"data-raw/raw_soil_data/2014_2/15_reordered.txt",2014-07-09 16:00:00,498,2,1,1
"data-raw/raw_soil_data/2014_2/15_reordered.txt",2014-07-09 20:00:00,499,2,1,1
"data-raw/raw_soil_data/2014_2/15_reordered.txt",2014-07-10 00:00:00,500,2,1,1
"data-raw/raw_soil_data/2014_2/15_reordered.txt",2014-07-10 04:00:00,501,2,1,1
"data-raw/raw_soil_data/2014_2/15_reordered.txt",2014-07-10 08:00:00,502,2,1,1
"data-raw/raw_soil_data/2014_2/15_reordered.txt",2014-07-10 12:00:00,503,2,1,1
"data-raw/raw_soil_data/2014_2/15_reordered.txt",2014-07-10 16:00:00,504,2,1,1
"data-raw/raw_soil_data/2014_2/15_reordered.txt",2014-07-10 20:00:00,505,2,1,1
"data-raw/raw_soil_data/2014_2/15_reordered.txt",2014-07-11 00:00:00,506,2,1,1
"data-raw/raw_soil_data/2014_2/15_reordered.txt",2014-07-11 04:00:00,507,2,1,1
"data-raw/raw_soil_data/2014_2/15_reordered.txt",2014-07-11 08:00:00,508,2,1,1
"data-raw/raw_soil_data/2014_2/15_reordered.txt",2014-07-11 12:00:00,509,2,1,1
"data-raw/raw_soil_data/2014_2/15_reordered.txt",2014-07-11 16:00:00,510,2,1,1
"data-raw/raw_soil_data/2014_2/15_reordered.txt",2014-07-11 20:00:00,511,2,1,1
"data-raw/raw_soil_data/2014_2/15_reordered.txt",2014-07-12 00:00:00,512,2,1,1
"data-raw/raw_soil_data/2014_2/15_reordered.txt",2014-07-12 04:00:00,513,2,1,1
"data-raw/raw_soil_data/2014_2/15_reordered.txt",2014-07-12 08:00:00,514,2,1,1
"data-raw/raw_soil_data/2014_2/15_reordered.txt",2014-07-12 12:00:00,515,2,1,1
"data-raw/raw_soil_data/2014_2/15_reordered.txt",2014-07-12 16:00:00,516,2,1,1
"data-raw/raw_soil_data/2014_2/15_reordered.txt",2014-07-12 20:00:00,517,2,1,1
"data-raw/raw_soil_data/2014_2/15_reordered.txt",2014-07-13 00:00:00,518,2,1,1
"data-raw/raw_soil_data/2014_2/15_reordered.txt",2014-07-13 04:00:00,519,2,1,1
"data-raw/raw_soil_data/2014_2/15_reordered.txt",2014-07-13 08:00:00,520,2,1,1
"data-raw/raw_soil_data/2014_2/15_reordered.txt",2014-07-13 12:00:00,521,2,1,1
"data-raw/raw_soil_data/2014_2/15_reordered.txt",2014-07-13 16:00:00,522,2,1,1
"data-raw/raw_soil_data/2014_2/15_reordered.txt",2014-07-13 20:00:00,523,2,1,1
"data-raw/raw_soil_data/2014_2/15_reordered.txt",2014-07-14 00:00:00,524,2,1,1
"data-raw/raw_soil_data/2014_2/15_reordered.txt",2014-07-14 04:00:00,525,2,1,1
"data-raw/raw_soil_data/2014_2/15_reordered.txt",2014-07-14 08:00:00,526,2,1,1
"data-raw/raw_soil_data/2014_2/15_reordered.txt",2014-07-14 12:00:00,527,2,1,1
"data-raw/raw_soil_data/2014_2/15_reordered.txt",2014-07-14 16:00:00,528,2,1,1
"data-raw/raw_soil_data/2014_2/15_reordered.txt",2014-07-14 20:00:00,529,2,1,1
"data-raw/raw_soil_data/2014_2/15_reordered.txt",2014-07-15 00:00:00,530,2,1,1
"data-raw/raw_soil_data/2014_2/15_reordered.txt",2014-07-15 04:00:00,531,2,1,1
"data-raw/raw_soil_data/2014_2/15_reordered.txt",2014-07-15 08:00:00,532,2,1,1
"data-raw/raw_soil_data/2014_2/15_reordered.txt",2014-07-15 12:00:00,533,2,1,1
"data-raw/raw_soil_data/2014_2/15_reordered.txt",2014-07-15 16:00:00,534,2,1,1
"data-raw/raw_soil_data/2014_2/15_reordered.txt",2014-07-15 20:00:00,535,2,1,1
"data-raw/raw_soil_data/2014_2/15_reordered.txt",2014-07-16 00:00:00,536,2,1,1
"data-raw/raw_soil_data/2014_2/15_reordered.txt",2014-07-16 04:00:00,537,2,1,1
"data-raw/raw_soil_data/2014_2/15_reordered.txt",2014-07-16 08:00:00,538,2,1,1
"data-raw/raw_soil_data/2014_2/15_reordered.txt",2014-07-16 12:00:00,539,2,1,1
"data-raw/raw_soil_data/2014_2/15_reordered.txt",2014-07-16 16:00:00,540,2,1,1
"data-raw/raw_soil_data/2014_2/15_reordered.txt",2014-07-16 20:00:00,541,2,1,1
"data-raw/raw_soil_data/2014_2/15_reordered.txt",2014-07-17 00:00:00,542,2,1,1
"data-raw/raw_soil_data/2014_2/15_reordered.txt",2014-07-17 04:00:00,543,2,1,1
"data-raw/raw_soil_data/2014_2/15_reordered.txt",2014-07-17 08:00:00,544,2,1,1
"data-raw/raw_soil_data/2014_2/15_reordered.txt",2014-07-17 12:00:00,545,2,1,1
"data-raw/raw_soil_data/2014_2/15_reordered.txt",2014-07-17 16:00:00,546,2,1,1
"data-raw/raw_soil_data/2014_2/15_reordered.txt",2014-07-17 20:00:00,547,2,1,1
"data-raw/raw_soil_data/2014_2/15_reordered.txt",2014-07-18 00:00:00,548,2,1,1
"data-raw/raw_soil_data/2014_2/15_reordered.txt",2014-07-18 04:00:00,549,2,1,1
"data-raw/raw_soil_data/2014_2/15_reordered.txt",2014-07-18 08:00:00,550,2,1,1
"data-raw/raw_soil_data/2014_2/15_reordered.txt",2014-07-18 12:00:00,551,2,1,1
"data-raw/raw_soil_data/2014_2/15_reordered.txt",2014-07-18 16:00:00,552,2,1,1
"data-raw/raw_soil_data/2014_2/15_reordered.txt",2014-07-18 20:00:00,553,2,1,1
"data-raw/raw_soil_data/2014_2/15_reordered.txt",2014-07-19 00:00:00,554,2,1,1
"data-raw/raw_soil_data/2014_2/15_reordered.txt",2014-07-19 04:00:00,555,2,1,1
"data-raw/raw_soil_data/2014_2/15_reordered.txt",2014-07-19 08:00:00,556,2,1,1
"data-raw/raw_soil_data/2014_2/15_reordered.txt",2014-07-19 12:00:00,557,2,1,1
"data-raw/raw_soil_data/2014_2/15_reordered.txt",2014-07-19 16:00:00,558,2,1,1
"data-raw/raw_soil_data/2014_2/15_reordered.txt",2014-07-19 20:00:00,559,2,1,1
"data-raw/raw_soil_data/2014_2/15_reordered.txt",2014-07-20 00:00:00,560,2,1,1
"data-raw/raw_soil_data/2014_2/15_reordered.txt",2014-07-20 04:00:00,561,2,1,1
"data-raw/raw_soil_data/2014_2/15_reordered.txt",2014-07-20 08:00:00,562,2,1,1
"data-raw/raw_soil_data/2014_2/15_reordered.txt",2014-07-20 12:00:00,563,2,1,1
"data-raw/raw_soil_data/2014_2/15_reordered.txt",2014-07-20 16:00:00,564,2,1,1
"data-raw/raw_soil_data/2014_2/15_reordered.txt",2014-07-20 20:00:00,565,2,1,1
"data-raw/raw_soil_data/2014_2/15_reordered.txt",2014-07-21 00:00:00,566,2,1,1
"data-raw/raw_soil_data/2014_2/15_reordered.txt",2014-07-21 04:00:00,567,2,1,1
"data-raw/raw_soil_data/2014_2/15_reordered.txt",2014-07-21 08:00:00,568,2,1,1
"data-raw/raw_soil_data/2014_2/15_reordered.txt",2014-07-21 12:00:00,569,2,1,1
"data-raw/raw_soil_data/2014_2/15_reordered.txt",2014-07-21 16:00:00,570,2,1,1
"data-raw/raw_soil_data/2014_2/15_reordered.txt",2014-07-21 20:00:00,571,2,1,1
"data-raw/raw_soil_data/2014_2/15_reordered.txt",2014-07-22 00:00:00,572,2,1,1
"data-raw/raw_soil_data/2014_2/15_reordered.txt",2014-07-22 04:00:00,573,2,1,1
"data-raw/raw_soil_data/2014_2/15_reordered.txt",2014-07-22 08:00:00,574,2,1,1
"data-raw/raw_soil_data/2014_2/15_reordered.txt",2014-07-22 12:00:00,575,2,1,1
"data-raw/raw_soil_data/2014_2/15_reordered.txt",2014-07-22 16:00:00,576,2,1,1
"data-raw/raw_soil_data/2014_2/15_reordered.txt",2014-07-22 20:00:00,577,2,1,1
"data-raw/raw_soil_data/2014_2/15_reordered.txt",2014-07-23 00:00:00,578,2,1,1
"data-raw/raw_soil_data/2014_2/15_reordered.txt",2014-07-23 04:00:00,579,2,1,1
"data-raw/raw_soil_data/2014_2/15_reordered.txt",2014-07-23 08:00:00,580,2,1,1
"data-raw/raw_soil_data/2014_2/15_reordered.txt",2014-07-23 12:00:00,581,2,1,1
"data-raw/raw_soil_data/2014_2/15_reordered.txt",2014-07-23 16:00:00,582,2,1,1
"data-raw/raw_soil_data/2014_2/15_reordered.txt",2014-07-23 20:00:00,583,2,1,1
"data-raw/raw_soil_data/2014_2/15_reordered.txt",2014-07-24 00:00:00,584,2,1,1
"data-raw/raw_soil_data/2014_2/15_reordered.txt",2014-07-24 04:00:00,585,2,1,1
"data-raw/raw_soil_data/2014_2/15_reordered.txt",2014-07-24 08:00:00,586,2,1,1
"data-raw/raw_soil_data/2014_2/15_reordered.txt",2014-07-24 12:00:00,587,2,1,1
"data-raw/raw_soil_data/2014_2/15_reordered.txt",2014-07-24 16:00:00,588,2,1,1
"data-raw/raw_soil_data/2014_2/15_reordered.txt",2014-07-24 20:00:00,589,2,1,1
"data-raw/raw_soil_data/2014_2/15_reordered.txt",2014-07-25 00:00:00,590,2,1,1
"data-raw/raw_soil_data/2014_2/15_reordered.txt",2014-07-25 04:00:00,591,2,1,1
"data-raw/raw_soil_data/2014_2/15_reordered.txt",2014-07-25 08:00:00,592,2,1,1
"data-raw/raw_soil_data/2014_2/15_reordered.txt",2014-07-25 12:00:00,593,2,1,1
"data-raw/raw_soil_data/2014_2/15_reordered.txt",2014-07-25 16:00:00,594,2,1,1
"data-raw/raw_soil_data/2014_2/15_reordered.txt",2014-07-25 20:00:00,595,2,1,1
"data-raw/raw_soil_data/2014_2/15_reordered.txt",2014-07-26 00:00:00,596,2,1,1
"data-raw/raw_soil_data/2014_2/15_reordered.txt",2014-07-26 04:00:00,597,2,1,1
"data-raw/raw_soil_data/2014_2/15_reordered.txt",2014-07-26 08:00:00,598,2,1,1
"data-raw/raw_soil_data/2014_2/15_reordered.txt",2014-07-26 12:00:00,599,2,1,1
"data-raw/raw_soil_data/2014_2/15_reordered.txt",2014-07-26 16:00:00,600,2,1,1
"data-raw/raw_soil_data/2014_2/15_reordered.txt",2014-07-26 20:00:00,601,2,1,1
"data-raw/raw_soil_data/2014_2/15_reordered.txt",2014-07-27 00:00:00,602,2,1,1
"data-raw/raw_soil_data/2014_2/15_reordered.txt",2014-07-27 04:00:00,603,2,1,1
"data-raw/raw_soil_data/2014_2/15_reordered.txt",2014-07-27 08:00:00,604,2,1,1
"data-raw/raw_soil_data/2014_2/15_reordered.txt",2014-07-27 12:00:00,605,2,1,1
"data-raw/raw_soil_data/2014_2/15_reordered.txt",2014-07-27 16:00:00,606,2,1,1
"data-raw/raw_soil_data/2014_2/15_reordered.txt",2014-07-27 20:00:00,607,2,1,1
"data-raw/raw_soil_data/2014_2/15_reordered.txt",2014-07-28 00:00:00,608,2,1,1
"data-raw/raw_soil_data/2014_2/15_reordered.txt",2014-07-28 04:00:00,609,2,1,1
"data-raw/raw_soil_data/2014_2/15_reordered.txt",2014-07-28 08:00:00,610,2,1,1
"data-raw/raw_soil_data/2014_2/15_reordered.txt",2014-07-28 12:00:00,611,2,1,1
"data-raw/raw_soil_data/2014_2/15_reordered.txt",2014-07-28 16:00:00,612,2,1,1
"data-raw/raw_soil_data/2014_2/15_reordered.txt",2014-07-28 20:00:00,613,2,1,1
"data-raw/raw_soil_data/2014_2/15_reordered.txt",2014-07-29 00:00:00,614,2,1,1
"data-raw/raw_soil_data/2014_2/15_reordered.txt",2014-07-29 04:00:00,615,2,1,1
"data-raw/raw_soil_data/2014_2/15_reordered.txt",2014-07-29 08:00:00,616,2,1,1
"data-raw/raw_soil_data/2014_2/15_reordered.txt",2014-07-29 12:00:00,617,2,1,1
"data-raw/raw_soil_data/2014_2/15_reordered.txt",2014-07-29 16:00:00,618,2,1,1
"data-raw/raw_soil_data/2014_2/15_reordered.txt",2014-07-29 20:00:00,619,2,1,1
"data-raw/raw_soil_data/2014_2/15_reordered.txt",2014-07-30 00:00:00,620,2,1,1
"data-raw/raw_soil_data/2014_2/15_reordered.txt",2014-07-30 04:00:00,621,2,1,1
"data-raw/raw_soil_data/2014_2/15_reordered.txt",2014-07-30 08:00:00,622,2,1,1
"data-raw/raw_soil_data/2014_2/15_reordered.txt",2014-07-30 12:00:00,623,2,1,1
"data-raw/raw_soil_data/2014_2/15_reordered.txt",2014-07-30 16:00:00,624,2,1,1
"data-raw/raw_soil_data/2014_2/15_reordered.txt",2014-07-30 20:00:00,625,2,1,1
"data-raw/raw_soil_data/2014_2/15_reordered.txt",2014-07-31 00:00:00,626,2,1,1
"data-raw/raw_soil_data/2014_2/15_reordered.txt",2014-07-31 04:00:00,627,2,1,1
"data-raw/raw_soil_data/2014_2/15_reordered.txt",2014-07-31 08:00:00,628,2,1,1
"data-raw/raw_soil_data/2014_2/15_reordered.txt",2014-07-31 12:00:00,629,2,1,1
"data-raw/raw_soil_data/2014_2/15_reordered.txt",2014-07-31 16:00:00,630,2,1,1
"data-raw/raw_soil_data/2014_2/15_reordered.txt",2014-07-31 20:00:00,631,2,1,1
"data-raw/raw_soil_data/2014_2/15_reordered.txt",2014-08-01 00:00:00,632,2,1,1
"data-raw/raw_soil_data/2014_2/15_reordered.txt",2014-08-01 04:00:00,633,2,1,1
"data-raw/raw_soil_data/2014_2/15_reordered.txt",2014-08-01 08:00:00,634,2,1,1
"data-raw/raw_soil_data/2014_2/15_reordered.txt",2014-08-01 12:00:00,635,2,1,1
"data-raw/raw_soil_data/2014_2/15_reordered.txt",2014-08-01 16:00:00,636,2,1,1
"data-raw/raw_soil_data/2014_2/15_reordered.txt",2014-08-01 20:00:00,637,2,1,1
"data-raw/raw_soil_data/2014_2/15_reordered.txt",2014-08-02 00:00:00,638,2,1,1
"data-raw/raw_soil_data/2014_2/15_reordered.txt",2014-08-02 04:00:00,639,2,1,1
"data-raw/raw_soil_data/2014_2/15_reordered.txt",2014-08-02 08:00:00,640,2,1,1
"data-raw/raw_soil_data/2014_2/15_reordered.txt",2014-08-02 12:00:00,641,2,1,1
"data-raw/raw_soil_data/2014_2/15_reordered.txt",2014-08-02 16:00:00,642,2,1,1
"data-raw/raw_soil_data/2014_2/15_reordered.txt",2014-08-02 20:00:00,643,2,1,1
"data-raw/raw_soil_data/2014_2/15_reordered.txt",2014-08-03 00:00:00,644,2,1,1
"data-raw/raw_soil_data/2014_2/15_reordered.txt",2014-08-03 04:00:00,645,2,1,1
"data-raw/raw_soil_data/2014_2/15_reordered.txt",2014-08-03 08:00:00,646,2,1,1
"data-raw/raw_soil_data/2014_2/15_reordered.txt",2014-08-03 12:00:00,647,2,1,1
"data-raw/raw_soil_data/2014_2/15_reordered.txt",2014-08-03 16:00:00,648,2,1,1
"data-raw/raw_soil_data/2014_2/15_reordered.txt",2014-08-03 20:00:00,649,2,1,1
"data-raw/raw_soil_data/2014_2/15_reordered.txt",2014-08-04 00:00:00,650,2,1,1
"data-raw/raw_soil_data/2014_2/15_reordered.txt",2014-08-04 04:00:00,651,2,1,1
"data-raw/raw_soil_data/2014_2/15_reordered.txt",2014-08-04 08:00:00,652,2,1,1
"data-raw/raw_soil_data/2014_2/15_reordered.txt",2014-08-04 12:00:00,653,2,1,1
"data-raw/raw_soil_data/2014_2/15_reordered.txt",2014-08-04 16:00:00,654,2,1,1
"data-raw/raw_soil_data/2014_2/15_reordered.txt",2014-08-04 20:00:00,655,2,1,1
"data-raw/raw_soil_data/2014_2/15_reordered.txt",2014-08-05 00:00:00,656,2,1,1
"data-raw/raw_soil_data/2014_2/15_reordered.txt",2014-08-05 04:00:00,657,2,1,1
"data-raw/raw_soil_data/2014_2/15_reordered.txt",2014-08-05 08:00:00,658,2,1,1
"data-raw/raw_soil_data/2014_2/15_reordered.txt",2014-08-05 12:00:00,659,2,1,1
"data-raw/raw_soil_data/2014_2/15_reordered.txt",2014-08-05 16:00:00,660,2,1,1
"data-raw/raw_soil_data/2014_2/15_reordered.txt",2014-08-05 20:00:00,661,2,1,1
"data-raw/raw_soil_data/2014_2/15_reordered.txt",2014-08-06 00:00:00,662,2,1,1
"data-raw/raw_soil_data/2014_2/15_reordered.txt",2014-08-06 04:00:00,663,2,1,1
"data-raw/raw_soil_data/2014_2/15_reordered.txt",2014-08-06 08:00:00,664,2,1,1
"data-raw/raw_soil_data/2014_2/15_reordered.txt",2014-08-06 12:00:00,665,2,1,1
"data-raw/raw_soil_data/2014_2/15_reordered.txt",2014-08-06 16:00:00,666,2,1,1
"data-raw/raw_soil_data/2014_2/15_reordered.txt",2014-08-06 20:00:00,667,2,1,1
"data-raw/raw_soil_data/2014_2/15_reordered.txt",2014-08-07 00:00:00,668,2,1,1
"data-raw/raw_soil_data/2014_2/15_reordered.txt",2014-08-07 04:00:00,669,2,1,1
"data-raw/raw_soil_data/2014_2/15_reordered.txt",2014-08-07 08:00:00,670,2,1,1
"data-raw/raw_soil_data/2014_2/15_reordered.txt",2014-08-07 12:00:00,671,2,1,1
"data-raw/raw_soil_data/2014_2/15_reordered.txt",2014-08-07 16:00:00,672,2,1,1
"data-raw/raw_soil_data/2014_2/15_reordered.txt",2014-08-07 20:00:00,673,2,1,1
"data-raw/raw_soil_data/2014_2/15_reordered.txt",2014-08-08 00:00:00,674,2,1,1
"data-raw/raw_soil_data/2014_2/15_reordered.txt",2014-08-08 04:00:00,675,2,1,1
"data-raw/raw_soil_data/2014_2/15_reordered.txt",2014-08-08 08:00:00,676,2,1,1
"data-raw/raw_soil_data/2014_2/15_reordered.txt",2014-08-08 12:00:00,677,2,1,1
"data-raw/raw_soil_data/2014_2/15_reordered.txt",2014-08-08 16:00:00,678,2,1,1
"data-raw/raw_soil_data/2014_2/15_reordered.txt",2014-08-08 20:00:00,679,2,1,1
"data-raw/raw_soil_data/2014_2/15_reordered.txt",2014-08-09 00:00:00,680,2,1,1
"data-raw/raw_soil_data/2014_2/15_reordered.txt",2014-08-09 04:00:00,681,2,1,1
"data-raw/raw_soil_data/2014_2/15_reordered.txt",2014-08-09 08:00:00,682,2,1,1
"data-raw/raw_soil_data/2014_2/15_reordered.txt",2014-08-09 12:00:00,683,2,1,1
"data-raw/raw_soil_data/2014_2/15_reordered.txt",2014-08-09 16:00:00,684,2,1,1
"data-raw/raw_soil_data/2014_2/15_reordered.txt",2014-08-09 20:00:00,685,2,1,1
"data-raw/raw_soil_data/2014_2/15_reordered.txt",2014-08-10 00:00:00,686,2,1,1
"data-raw/raw_soil_data/2014_2/15_reordered.txt",2014-08-10 04:00:00,687,2,1,1
"data-raw/raw_soil_data/2014_2/15_reordered.txt",2014-08-10 08:00:00,688,2,1,1
"data-raw/raw_soil_data/2014_2/15_reordered.txt",2014-08-10 12:00:00,689,2,1,1
"data-raw/raw_soil_data/2014_2/15_reordered.txt",2014-08-10 16:00:00,690,2,1,1
"data-raw/raw_soil_data/2014_2/15_reordered.txt",2014-08-10 20:00:00,691,2,1,1
"data-raw/raw_soil_data/2014_2/15_reordered.txt",2014-08-11 00:00:00,692,2,1,1
"data-raw/raw_soil_data/2014_2/15_reordered.txt",2014-08-11 04:00:00,693,2,1,1
"data-raw/raw_soil_data/2014_2/15_reordered.txt",2014-08-11 08:00:00,694,2,1,1
"data-raw/raw_soil_data/2014_2/15_reordered.txt",2014-08-11 12:00:00,695,2,1,1
"data-raw/raw_soil_data/2014_2/15_reordered.txt",2014-08-11 16:00:00,696,2,1,1
"data-raw/raw_soil_data/2014_2/15_reordered.txt",2014-08-11 20:00:00,697,2,1,1
"data-raw/raw_soil_data/2014_2/15_reordered.txt",2014-08-12 00:00:00,698,2,1,1
"data-raw/raw_soil_data/2014_2/15_reordered.txt",2014-08-12 04:00:00,699,2,1,1
"data-raw/raw_soil_data/2014_2/15_reordered.txt",2014-08-12 08:00:00,700,2,1,1
"data-raw/raw_soil_data/2014_2/15_reordered.txt",2014-08-12 12:00:00,701,2,1,1
"data-raw/raw_soil_data/2014_2/15_reordered.txt",2014-08-12 16:00:00,702,2,1,1
"data-raw/raw_soil_data/2014_2/15_reordered.txt",2014-08-12 20:00:00,703,2,1,1
"data-raw/raw_soil_data/2014_2/15_reordered.txt",2014-08-13 00:00:00,704,2,1,1
"data-raw/raw_soil_data/2014_2/15_reordered.txt",2014-08-13 04:00:00,705,2,1,1
"data-raw/raw_soil_data/2014_2/15_reordered.txt",2014-08-13 08:00:00,706,2,1,1
"data-raw/raw_soil_data/2014_2/15_reordered.txt",2014-08-13 12:00:00,707,2,1,1
"data-raw/raw_soil_data/2014_2/15_reordered.txt",2014-08-13 16:00:00,708,2,1,1
"data-raw/raw_soil_data/2014_2/15_reordered.txt",2014-08-13 20:00:00,709,2,1,1
"data-raw/raw_soil_data/2014_2/15_reordered.txt",2014-08-14 00:00:00,710,2,1,1
"data-raw/raw_soil_data/2014_2/15_reordered.txt",2014-08-14 04:00:00,711,2,1,1
"data-raw/raw_soil_data/2014_2/15_reordered.txt",2014-08-14 08:00:00,712,2,1,1
"data-raw/raw_soil_data/2014_2/15_reordered.txt",2014-08-14 12:00:00,713,2,1,1
"data-raw/raw_soil_data/2014_2/15_reordered.txt",2014-08-14 16:00:00,714,2,1,1
"data-raw/raw_soil_data/2014_2/15_reordered.txt",2014-08-14 20:00:00,715,2,1,1
"data-raw/raw_soil_data/2014_2/15_reordered.txt",2014-08-15 00:00:00,716,2,1,1
"data-raw/raw_soil_data/2014_2/15_reordered.txt",2014-08-15 04:00:00,717,2,1,1
"data-raw/raw_soil_data/2014_2/15_reordered.txt",2014-08-15 08:00:00,718,2,1,1
"data-raw/raw_soil_data/2014_2/15_reordered.txt",2014-08-15 12:00:00,719,2,1,1
"data-raw/raw_soil_data/2014_2/15_reordered.txt",2014-08-15 16:00:00,720,2,1,1
"data-raw/raw_soil_data/2014_2/15_reordered.txt",2014-08-15 20:00:00,721,2,1,1
"data-raw/raw_soil_data/2014_2/15_reordered.txt",2014-08-16 00:00:00,722,2,1,1
"data-raw/raw_soil_data/2014_2/15_reordered.txt",2014-08-16 04:00:00,723,2,1,1
"data-raw/raw_soil_data/2014_2/15_reordered.txt",2014-08-16 08:00:00,724,2,1,1
"data-raw/raw_soil_data/2014_2/15_reordered.txt",2014-08-16 12:00:00,725,2,1,1
"data-raw/raw_soil_data/2014_2/15_reordered.txt",2014-08-16 16:00:00,726,2,1,1
"data-raw/raw_soil_data/2014_2/15_reordered.txt",2014-08-16 20:00:00,727,2,1,1
"data-raw/raw_soil_data/2014_2/15_reordered.txt",2014-08-17 00:00:00,728,2,1,1
"data-raw/raw_soil_data/2014_2/15_reordered.txt",2014-08-17 04:00:00,729,2,1,1
"data-raw/raw_soil_data/2014_2/15_reordered.txt",2014-08-17 08:00:00,730,2,1,1
"data-raw/raw_soil_data/2014_2/15_reordered.txt",2014-08-17 12:00:00,731,2,1,1
"data-raw/raw_soil_data/2014_2/15_reordered.txt",2014-08-17 16:00:00,732,2,1,1
"data-raw/raw_soil_data/2014_2/15_reordered.txt",2014-08-17 20:00:00,733,2,1,1
"data-raw/raw_soil_data/2014_2/15_reordered.txt",2014-08-18 00:00:00,734,2,1,1
"data-raw/raw_soil_data/2014_2/15_reordered.txt",2014-08-18 04:00:00,735,2,1,1
"data-raw/raw_soil_data/2014_2/15_reordered.txt",2014-08-18 08:00:00,736,2,1,1
"data-raw/raw_soil_data/2014_2/15_reordered.txt",2014-08-18 12:00:00,737,2,1,1
"data-raw/raw_soil_data/2014_2/15_reordered.txt",2014-08-18 16:00:00,738,2,1,1
"data-raw/raw_soil_data/2014_2/15_reordered.txt",2014-08-18 20:00:00,739,2,1,1
"data-raw/raw_soil_data/2014_2/15_reordered.txt",2014-08-19 00:00:00,740,2,1,1
"data-raw/raw_soil_data/2014_2/15_reordered.txt",2014-08-19 04:00:00,741,2,1,1
"data-raw/raw_soil_data/2014_2/15_reordered.txt",2014-08-19 08:00:00,742,2,1,1
"data-raw/raw_soil_data/2014_2/15_reordered.txt",2014-08-19 12:00:00,743,2,1,1
"data-raw/raw_soil_data/2014_2/15_reordered.txt",2014-08-19 16:00:00,744,2,1,1
"data-raw/raw_soil_data/2014_2/15_reordered.txt",2014-08-19 20:00:00,745,2,1,1
"data-raw/raw_soil_data/2014_2/15_reordered.txt",2014-08-20 00:00:00,746,2,1,1
"data-raw/raw_soil_data/2014_2/15_reordered.txt",2014-08-20 04:00:00,747,2,1,1
"data-raw/raw_soil_data/2014_2/15_reordered.txt",2014-08-20 08:00:00,748,2,1,1
"data-raw/raw_soil_data/2014_2/15_reordered.txt",2014-08-20 12:00:00,749,2,1,1
"data-raw/raw_soil_data/2014_2/15_reordered.txt",2014-08-20 16:00:00,750,2,1,1
"data-raw/raw_soil_data/2014_2/15_reordered.txt",2014-08-20 20:00:00,751,2,1,1
"data-raw/raw_soil_data/2014_2/15_reordered.txt",2014-08-21 00:00:00,752,2,1,1
"data-raw/raw_soil_data/2014_2/15_reordered.txt",2014-08-21 04:00:00,753,2,1,1
"data-raw/raw_soil_data/2014_2/15_reordered.txt",2014-08-21 08:00:00,754,2,1,1
"data-raw/raw_soil_data/2014_2/15_reordered.txt",2014-08-21 12:00:00,755,2,1,1
"data-raw/raw_soil_data/2014_2/15_reordered.txt",2014-08-21 16:00:00,756,2,1,1
"data-raw/raw_soil_data/2014_2/15_reordered.txt",2014-08-21 20:00:00,757,2,1,1
"data-raw/raw_soil_data/2014_2/15_reordered.txt",2014-08-22 00:00:00,758,2,1,1
"data-raw/raw_soil_data/2014_2/15_reordered.txt",2014-08-22 04:00:00,759,2,1,1
"data-raw/raw_soil_data/2014_2/15_reordered.txt",2014-08-22 08:00:00,760,2,1,1
"data-raw/raw_soil_data/2014_2/15_reordered.txt",2014-08-22 12:00:00,761,2,1,1
"data-raw/raw_soil_data/2014_2/15_reordered.txt",2014-08-22 16:00:00,762,2,1,1
"data-raw/raw_soil_data/2014_2/15_reordered.txt",2014-08-22 20:00:00,763,2,1,1
"data-raw/raw_soil_data/2014_2/15_reordered.txt",2014-08-23 00:00:00,764,2,1,1
"data-raw/raw_soil_data/2014_2/15_reordered.txt",2014-08-23 04:00:00,765,2,1,1
"data-raw/raw_soil_data/2014_2/15_reordered.txt",2014-08-23 08:00:00,766,2,1,1
"data-raw/raw_soil_data/2014_2/15_reordered.txt",2014-08-23 12:00:00,767,2,1,1
"data-raw/raw_soil_data/2014_2/15_reordered.txt",2014-08-23 16:00:00,768,2,1,1
"data-raw/raw_soil_data/2014_2/15_reordered.txt",2014-08-23 20:00:00,769,2,1,1
"data-raw/raw_soil_data/2014_2/15_reordered.txt",2014-08-24 00:00:00,770,2,1,1
"data-raw/raw_soil_data/2014_2/15_reordered.txt",2014-08-24 04:00:00,771,2,1,1
"data-raw/raw_soil_data/2014_2/15_reordered.txt",2014-08-24 08:00:00,772,2,1,1
"data-raw/raw_soil_data/2014_2/15_reordered.txt",2014-08-24 12:00:00,773,2,1,1
"data-raw/raw_soil_data/2014_2/15_reordered.txt",2014-08-24 16:00:00,774,2,1,1
"data-raw/raw_soil_data/2014_2/15_reordered.txt",2014-08-24 20:00:00,775,2,1,1
"data-raw/raw_soil_data/2014_2/15_reordered.txt",2014-08-25 00:00:00,776,2,1,1
"data-raw/raw_soil_data/2014_2/15_reordered.txt",2014-08-25 04:00:00,777,2,1,1
"data-raw/raw_soil_data/2014_2/15_reordered.txt",2014-08-25 08:00:00,778,2,1,1
"data-raw/raw_soil_data/2014_2/15_reordered.txt",2014-08-25 12:00:00,779,2,1,1
"data-raw/raw_soil_data/2014_2/15_reordered.txt",2014-08-25 16:00:00,780,2,1,1
"data-raw/raw_soil_data/2014_2/15_reordered.txt",2014-08-25 20:00:00,781,2,1,1
"data-raw/raw_soil_data/2014_2/15_reordered.txt",2014-08-26 00:00:00,782,2,1,1
"data-raw/raw_soil_data/2014_2/15_reordered.txt",2014-08-26 04:00:00,783,2,1,1
"data-raw/raw_soil_data/2014_2/15_reordered.txt",2014-08-26 08:00:00,784,2,1,1
"data-raw/raw_soil_data/2014_2/15_reordered.txt",2014-08-26 12:00:00,785,2,1,1
"data-raw/raw_soil_data/2014_2/15_reordered.txt",2014-08-26 16:00:00,786,2,1,1
"data-raw/raw_soil_data/2014_2/15_reordered.txt",2014-08-26 20:00:00,787,2,1,1
"data-raw/raw_soil_data/2014_2/15_reordered.txt",2014-08-27 00:00:00,788,2,1,1
"data-raw/raw_soil_data/2014_2/15_reordered.txt",2014-08-27 04:00:00,789,2,1,1
"data-raw/raw_soil_data/2014_2/15_reordered.txt",2014-08-27 08:00:00,790,2,1,1
"data-raw/raw_soil_data/2014_2/15_reordered.txt",2014-08-27 12:00:00,791,2,1,1
"data-raw/raw_soil_data/2014_2/15_reordered.txt",2014-08-27 16:00:00,792,2,1,1
"data-raw/raw_soil_data/2014_2/15_reordered.txt",2014-08-27 20:00:00,793,2,1,1
"data-raw/raw_soil_data/2014_2/15_reordered.txt",2014-08-28 00:00:00,794,2,1,1
"data-raw/raw_soil_data/2014_2/15_reordered.txt",2014-08-28 04:00:00,795,2,1,1
"data-raw/raw_soil_data/2014_2/15_reordered.txt",2014-08-28 08:00:00,796,2,1,1
"data-raw/raw_soil_data/2014_2/15_reordered.txt",2014-08-28 12:00:00,797,2,1,1
"data-raw/raw_soil_data/2014_2/15_reordered.txt",2014-08-28 16:00:00,798,2,1,1
"data-raw/raw_soil_data/2014_2/15_reordered.txt",2014-08-28 20:00:00,799,2,1,1
"data-raw/raw_soil_data/2014_2/15_reordered.txt",2014-08-29 00:00:00,800,2,1,1
"data-raw/raw_soil_data/2014_2/15_reordered.txt",2014-08-29 04:00:00,801,2,1,1
"data-raw/raw_soil_data/2014_2/15_reordered.txt",2014-08-29 08:00:00,802,2,1,1
"data-raw/raw_soil_data/2014_2/15_reordered.txt",2014-08-29 12:00:00,803,2,1,1
"data-raw/raw_soil_data/2014_2/15_reordered.txt",2014-08-29 16:00:00,804,2,1,1
"data-raw/raw_soil_data/2014_2/15_reordered.txt",2014-08-29 20:00:00,805,2,1,1
"data-raw/raw_soil_data/2014_2/15_reordered.txt",2014-08-30 00:00:00,806,2,1,1
"data-raw/raw_soil_data/2014_2/15_reordered.txt",2014-08-30 04:00:00,807,2,1,1
"data-raw/raw_soil_data/2014_2/15_reordered.txt",2014-08-30 08:00:00,808,2,1,1
"data-raw/raw_soil_data/2014_2/15_reordered.txt",2014-08-30 12:00:00,809,2,1,1
"data-raw/raw_soil_data/2014_2/15_reordered.txt",2014-08-30 16:00:00,810,2,1,1
"data-raw/raw_soil_data/2014_2/15_reordered.txt",2014-08-30 20:00:00,811,2,1,1
"data-raw/raw_soil_data/2014_2/15_reordered.txt",2014-08-31 00:00:00,812,2,1,1
"data-raw/raw_soil_data/2014_2/15_reordered.txt",2014-08-31 04:00:00,813,2,1,1
"data-raw/raw_soil_data/2014_2/15_reordered.txt",2014-08-31 08:00:00,814,2,1,1
"data-raw/raw_soil_data/2014_2/15_reordered.txt",2014-08-31 12:00:00,815,2,1,1
"data-raw/raw_soil_data/2014_2/15_reordered.txt",2014-08-31 16:00:00,816,2,1,1
"data-raw/raw_soil_data/2014_2/15_reordered.txt",2014-08-31 20:00:00,817,2,1,1
"data-raw/raw_soil_data/2014_2/15_reordered.txt",2014-09-01 00:00:00,818,2,1,1
"data-raw/raw_soil_data/2014_2/15_reordered.txt",2014-09-01 04:00:00,819,2,1,1
"data-raw/raw_soil_data/2014_2/15_reordered.txt",2014-09-01 08:00:00,820,2,1,1
"data-raw/raw_soil_data/2014_2/15_reordered.txt",2014-09-01 12:00:00,821,2,1,1
"data-raw/raw_soil_data/2014_2/15_reordered.txt",2014-09-01 16:00:00,822,2,1,1
"data-raw/raw_soil_data/2014_2/15_reordered.txt",2014-09-01 20:00:00,823,2,1,1
"data-raw/raw_soil_data/2014_2/15_reordered.txt",2014-09-02 00:00:00,824,2,1,1
"data-raw/raw_soil_data/2014_2/15_reordered.txt",2014-09-02 04:00:00,825,2,1,1
"data-raw/raw_soil_data/2014_2/15_reordered.txt",2014-09-02 08:00:00,826,2,1,1
"data-raw/raw_soil_data/2014_2/15_reordered.txt",2014-09-02 12:00:00,827,2,1,1
"data-raw/raw_soil_data/2014_2/15_reordered.txt",2014-09-02 16:00:00,828,2,1,1
"data-raw/raw_soil_data/2014_2/15_reordered.txt",2014-09-02 20:00:00,829,2,1,1
"data-raw/raw_soil_data/2014_2/15_reordered.txt",2014-09-03 00:00:00,830,2,1,1
"data-raw/raw_soil_data/2014_2/15_reordered.txt",2014-09-03 04:00:00,831,2,1,1
"data-raw/raw_soil_data/2014_2/15_reordered.txt",2014-09-03 08:00:00,832,2,1,1
"data-raw/raw_soil_data/2014_2/15_reordered.txt",2014-09-03 12:00:00,833,2,1,1
"data-raw/raw_soil_data/2014_2/15_reordered.txt",2014-09-03 16:00:00,834,2,1,1
"data-raw/raw_soil_data/2014_2/15_reordered.txt",2014-09-03 20:00:00,835,2,1,1
"data-raw/raw_soil_data/2014_2/15_reordered.txt",2014-09-04 00:00:00,836,2,1,1
"data-raw/raw_soil_data/2014_2/15_reordered.txt",2014-09-04 04:00:00,837,2,1,1
"data-raw/raw_soil_data/2014_2/15_reordered.txt",2014-09-04 08:00:00,838,2,1,1
"data-raw/raw_soil_data/2014_2/15_reordered.txt",2014-09-04 12:00:00,839,2,1,1
"data-raw/raw_soil_data/2014_2/15_reordered.txt",2014-09-04 16:00:00,840,2,1,1
"data-raw/raw_soil_data/2014_2/15_reordered.txt",2014-09-04 20:00:00,841,2,1,1
"data-raw/raw_soil_data/2014_2/15_reordered.txt",2014-09-05 00:00:00,842,2,1,1
"data-raw/raw_soil_data/2014_2/15_reordered.txt",2014-09-05 04:00:00,843,2,1,1
"data-raw/raw_soil_data/2014_2/15_reordered.txt",2014-09-05 08:00:00,844,2,1,1
"data-raw/raw_soil_data/2014_2/15_reordered.txt",2014-09-05 12:00:00,845,2,1,1
"data-raw/raw_soil_data/2014_2/15_reordered.txt",2014-09-05 16:00:00,846,2,1,1
"data-raw/raw_soil_data/2014_2/15_reordered.txt",2014-09-05 20:00:00,847,2,1,1
"data-raw/raw_soil_data/2014_2/15_reordered.txt",2014-09-06 00:00:00,848,2,1,1
"data-raw/raw_soil_data/2014_2/15_reordered.txt",2014-09-06 04:00:00,849,2,1,1
"data-raw/raw_soil_data/2014_2/15_reordered.txt",2014-09-06 08:00:00,850,2,1,1
"data-raw/raw_soil_data/2014_2/15_reordered.txt",2014-09-06 12:00:00,851,2,1,1
"data-raw/raw_soil_data/2014_2/15_reordered.txt",2014-09-06 16:00:00,852,2,1,1
"data-raw/raw_soil_data/2014_2/15_reordered.txt",2014-09-06 20:00:00,853,2,1,1
"data-raw/raw_soil_data/2014_2/15_reordered.txt",2014-09-07 00:00:00,854,2,1,1
"data-raw/raw_soil_data/2014_2/15_reordered.txt",2014-09-07 04:00:00,855,2,1,1
"data-raw/raw_soil_data/2014_2/15_reordered.txt",2014-09-07 08:00:00,856,2,1,1
"data-raw/raw_soil_data/2014_2/15_reordered.txt",2014-09-07 12:00:00,857,2,1,1
"data-raw/raw_soil_data/2014_2/15_reordered.txt",2014-09-07 16:00:00,858,2,1,1
"data-raw/raw_soil_data/2014_2/15_reordered.txt",2014-09-07 20:00:00,859,2,1,1
"data-raw/raw_soil_data/2014_2/15_reordered.txt",2014-09-08 00:00:00,860,2,1,1
"data-raw/raw_soil_data/2014_2/15_reordered.txt",2014-09-08 04:00:00,861,2,1,1
"data-raw/raw_soil_data/2014_2/15_reordered.txt",2014-09-08 08:00:00,862,2,1,1
"data-raw/raw_soil_data/2014_2/15_reordered.txt",2014-09-08 12:00:00,863,2,1,1
"data-raw/raw_soil_data/2014_2/15_reordered.txt",2014-09-08 16:00:00,864,2,1,1
"data-raw/raw_soil_data/2014_2/15_reordered.txt",2014-09-08 20:00:00,865,2,1,1
"data-raw/raw_soil_data/2014_2/15_reordered.txt",2014-09-09 00:00:00,866,2,1,1
"data-raw/raw_soil_data/2014_2/15_reordered.txt",2014-09-09 04:00:00,867,2,1,1
"data-raw/raw_soil_data/2014_2/15_reordered.txt",2014-09-09 08:00:00,868,2,1,1
"data-raw/raw_soil_data/2014_2/15_reordered.txt",2014-09-09 12:00:00,869,2,1,1
"data-raw/raw_soil_data/2014_2/15_reordered.txt",2014-09-09 16:00:00,870,2,1,1
"data-raw/raw_soil_data/2014_2/15_reordered.txt",2014-09-09 20:00:00,871,2,1,1
"data-raw/raw_soil_data/2014_2/15_reordered.txt",2014-09-10 00:00:00,872,2,1,1
"data-raw/raw_soil_data/2014_2/15_reordered.txt",2014-09-10 04:00:00,873,2,1,1
"data-raw/raw_soil_data/2014_2/15_reordered.txt",2014-09-10 08:00:00,874,2,1,1
"data-raw/raw_soil_data/2014_2/15_reordered.txt",2014-09-10 12:00:00,875,2,1,1
"data-raw/raw_soil_data/2014_2/15_reordered.txt",2014-09-10 16:00:00,876,2,1,1
"data-raw/raw_soil_data/2014_2/15_reordered.txt",2014-09-10 20:00:00,877,2,1,1
"data-raw/raw_soil_data/2014_2/15_reordered.txt",2014-09-11 00:00:00,878,2,1,1
"data-raw/raw_soil_data/2014_2/15_reordered.txt",2014-09-11 04:00:00,879,2,1,1
"data-raw/raw_soil_data/2014_2/15_reordered.txt",2014-09-11 08:00:00,880,2,1,1
"data-raw/raw_soil_data/2014_2/15_reordered.txt",2014-09-11 12:00:00,881,2,1,1
"data-raw/raw_soil_data/2014_2/15_reordered.txt",2014-09-11 16:00:00,882,2,1,1
"data-raw/raw_soil_data/2014_2/15_reordered.txt",2014-09-11 20:00:00,883,2,1,1
"data-raw/raw_soil_data/2014_2/15_reordered.txt",2014-09-12 00:00:00,884,2,1,1
"data-raw/raw_soil_data/2014_2/15_reordered.txt",2014-09-12 04:00:00,885,2,1,1
"data-raw/raw_soil_data/2014_2/15_reordered.txt",2014-09-12 08:00:00,886,2,1,1
"data-raw/raw_soil_data/2014_2/15_reordered.txt",2014-09-12 12:00:00,887,2,1,1
"data-raw/raw_soil_data/2014_2/15_reordered.txt",2014-09-12 16:00:00,888,2,1,1
"data-raw/raw_soil_data/2014_2/15_reordered.txt",2014-09-12 20:00:00,889,2,1,1
"data-raw/raw_soil_data/2014_2/15_reordered.txt",2014-09-13 00:00:00,890,2,1,1
"data-raw/raw_soil_data/2014_2/15_reordered.txt",2014-09-13 04:00:00,891,2,1,1
"data-raw/raw_soil_data/2014_2/15_reordered.txt",2014-09-13 08:00:00,892,2,1,1
"data-raw/raw_soil_data/2014_2/15_reordered.txt",2014-09-13 12:00:00,893,2,1,1
"data-raw/raw_soil_data/2014_2/15_reordered.txt",2014-09-13 16:00:00,894,2,1,1
"data-raw/raw_soil_data/2014_2/15_reordered.txt",2014-09-13 20:00:00,895,2,1,1
"data-raw/raw_soil_data/2014_2/15_reordered.txt",2014-09-14 00:00:00,896,2,1,1
"data-raw/raw_soil_data/2014_2/15_reordered.txt",2014-09-14 04:00:00,897,2,1,1
"data-raw/raw_soil_data/2014_2/15_reordered.txt",2014-09-14 08:00:00,898,2,1,1
"data-raw/raw_soil_data/2014_2/15_reordered.txt",2014-09-14 12:00:00,899,2,1,1
"data-raw/raw_soil_data/2014_2/15_reordered.txt",2014-09-14 16:00:00,900,2,1,1
"data-raw/raw_soil_data/2014_2/15_reordered.txt",2014-09-14 20:00:00,901,2,1,1
"data-raw/raw_soil_data/2014_2/15_reordered.txt",2014-09-15 00:00:00,902,2,1,1
"data-raw/raw_soil_data/2014_2/15_reordered.txt",2014-09-15 04:00:00,903,2,1,1
"data-raw/raw_soil_data/2014_2/15_reordered.txt",2014-09-15 08:00:00,904,2,1,1
"data-raw/raw_soil_data/2014_2/15_reordered.txt",2014-09-15 12:00:00,905,2,1,1
"data-raw/raw_soil_data/2014_2/15_reordered.txt",2014-09-15 16:00:00,906,2,1,1
"data-raw/raw_soil_data/2014_2/15_reordered.txt",2014-09-15 20:00:00,907,2,1,1
"data-raw/raw_soil_data/2015_1/EM20086_2015-04-30-1139.txt",2015-03-02 10:00:00,2012,4,1,1
"data-raw/raw_soil_data/2015_1/EM20086_2015-04-30-1139.txt",2015-03-04 10:00:00,2031,10,1,1
"data-raw/raw_soil_data/2015_1/EM20086_2015-04-30-1139.txt",2015-03-05 10:00:00,2037,12,1,1
"data-raw/raw_soil_data/2015_1/EM20086_2015-04-30-1139.txt",2015-03-19 10:00:00,2200,10,1,1
"data-raw/raw_soil_data/2015_1/EM20086_2015-04-30-1139.txt",2015-03-20 10:00:00,2206,12,1,1
"data-raw/raw_soil_data/2015_1/EM20086_2015-04-30-1139.txt",2015-03-21 12:00:00,2211,16,1,1
"data-raw/raw_soil_data/2015_2/EL5739 4Nov15-1838.txt",2015-07-11 08:00:00,861,6,1,1
"data-raw/raw_soil_data/2015_2/EL5743 4Nov15-1828.txt",2015-07-11 08:00:00,860,8,1,1
"data-raw/raw_soil_data/2015_2/EL5739 4Nov15-1838.txt",2015-07-12 08:00:00,872,2,1,1
"data-raw/raw_soil_data/2015_2/EL5743 4Nov15-1828.txt",2015-07-12 08:00:00,871,2,1,1
"data-raw/raw_soil_data/2015_2/EL5743 4Nov15-1828.txt",2015-07-13 08:00:00,882,2,1,1
"data-raw/raw_soil_data/2015_2/EL5739 4Nov15-1838.txt",2015-07-14 08:00:00,894,4,1,1
"data-raw/raw_soil_data/2015_2/EL5743 4Nov15-1828.txt",2015-07-14 08:00:00,892,4,1,1
"data-raw/raw_soil_data/2015_2/EL5739 4Nov15-1838.txt",2015-07-16 08:00:00,916,4,1,1
"data-raw/raw_soil_data/2015_2/EL5743 4Nov15-1828.txt",2015-07-16 08:00:00,913,6,1,1
"data-raw/raw_soil_data/2015_2/EL5743 4Nov15-1828.txt",2015-07-18 10:00:00,933,10,1,1
"data-raw/raw_soil_data/2015_2/EL5739 4Nov15-1838.txt",2015-07-19 08:00:00,948,8,1,1
"data-raw/raw_soil_data/2015_2/EL5743 4Nov15-1828.txt",2015-07-19 10:00:00,940,10,1,1
"data-raw/raw_soil_data/2015_2/EL5739 4Nov15-1838.txt",2015-07-20 08:00:00,959,2,1,1
"data-raw/raw_soil_data/2015_2/EL5743 4Nov15-1828.txt",2015-07-20 08:00:00,948,6,1,1
"data-raw/raw_soil_data/2015_2/EL5739 4Nov15-1838.txt",2015-07-21 08:00:00,969,4,1,1
"data-raw/raw_soil_data/2015_2/EL5743 4Nov15-1828.txt",2015-07-21 08:00:00,957,6,1,1
"data-raw/raw_soil_data/2015_2/EL5743 4Nov15-1828.txt",2015-07-22 08:00:00,968,2,1,1
"data-raw/raw_soil_data/2015_2/EL5739 4Nov15-1838.txt",2015-07-24 08:00:00,1002,6,1,1
"data-raw/raw_soil_data/2015_2/EL5743 4Nov15-1828.txt",2015-07-24 10:00:00,989,8,1,1
"data-raw/raw_soil_data/2015_2/EL5739 4Nov15-1838.txt",2015-07-25 08:00:00,1013,2,1,1
"data-raw/raw_soil_data/2015_2/EL5743 4Nov15-1828.txt",2015-07-25 08:00:00,998,4,1,1
"data-raw/raw_soil_data/2015_2/EL5743 4Nov15-1828.txt",2015-07-26 06:00:00,1006,6,1,1
"data-raw/raw_soil_data/2015_2/EL5739 4Nov15-1838.txt",2015-07-28 12:00:00,1039,24,1,1
"data-raw/raw_soil_data/2015_2/EL5743 4Nov15-1828.txt",2015-07-28 12:00:00,1021,24,1,1
"data-raw/raw_soil_data/2015_2/EL5739 4Nov15-1838.txt",2015-07-29 10:00:00,1044,12,1,1
"data-raw/raw_soil_data/2015_2/EL5743 4Nov15-1828.txt",2015-07-29 10:00:00,1026,12,1,1
"data-raw/raw_soil_data/2015_2/EL5739 4Nov15-1838.txt",2015-07-30 08:00:00,1051,8,1,1
"data-raw/raw_soil_data/2015_2/EL5743 4Nov15-1828.txt",2015-07-30 10:00:00,1033,10,1,1
"data-raw/raw_soil_data/2015_2/EL5739 4Nov15-1838.txt",2015-07-31 08:00:00,1061,4,1,1
"data-raw/raw_soil_data/2015_2/EL5743 4Nov15-1828.txt",2015-07-31 08:00:00,1041,6,1,1
"data-raw/raw_soil_data/2015_1/EM20068_2015-04-30-0957.txt",2015-08-03 10:00:00,2328,3068,1,1
"data-raw/raw_soil_data/2015_2/EL5743 4Nov15-1828.txt",2015-08-04 10:00:00,1088,4,1,1
"data-raw/raw_soil_data/2015_2/EL5739 4Nov15-1838.txt",2015-08-05 12:00:00,1121,4,1,1
"data-raw/raw_soil_data/2015_2/EL5743 4Nov15-1828.txt",2015-08-05 12:00:00,1096,10,1,1
"data-raw/raw_soil_data/2015_2/EL5739 4Nov15-1838.txt",2015-08-06 10:00:00,1127,10,1,1
"data-raw/raw_soil_data/2015_2/EL5743 4Nov15-1828.txt",2015-08-06 10:00:00,1101,12,1,1
"data-raw/raw_soil_data/2015_2/EL5739 4Nov15-1838.txt",2015-08-07 10:00:00,1134,10,1,1
"data-raw/raw_soil_data/2015_2/EL5743 4Nov15-1828.txt",2015-08-07 10:00:00,1108,10,1,1
"data-raw/raw_soil_data/2015_2/EL5739 4Nov15-1838.txt",2015-08-08 12:00:00,1142,10,1,1
"data-raw/raw_soil_data/2015_2/EL5743 4Nov15-1828.txt",2015-08-08 12:00:00,1116,10,1,1
"data-raw/raw_soil_data/2015_2/EL5739 4Nov15-1838.txt",2015-08-09 10:00:00,1147,12,1,1
"data-raw/raw_soil_data/2015_2/EL5743 4Nov15-1828.txt",2015-08-09 10:00:00,1121,12,1,1
"data-raw/raw_soil_data/2015_2/EL5739 4Nov15-1838.txt",2015-08-10 10:00:00,1154,10,1,1
"data-raw/raw_soil_data/2015_2/EL5743 4Nov15-1828.txt",2015-08-10 10:00:00,1127,12,1,1
"data-raw/raw_soil_data/2015_2/EL5739 4Nov15-1838.txt",2015-08-11 08:00:00,1162,6,1,1
"data-raw/raw_soil_data/2015_2/EL5743 4Nov15-1828.txt",2015-08-11 10:00:00,1135,8,1,1
"data-raw/raw_soil_data/2015_2/EL5743 4Nov15-1828.txt",2015-08-12 06:00:00,1144,2,1,1
"data-raw/raw_soil_data/2015_2/EL5743 4Nov15-1828.txt",2015-08-13 08:00:00,1155,4,1,1
"data-raw/raw_soil_data/2015_2/EL5739 4Nov15-1838.txt",2015-08-15 08:00:00,1208,4,1,1
"data-raw/raw_soil_data/2015_2/EL5743 4Nov15-1828.txt",2015-08-15 10:00:00,1174,12,1,1
"data-raw/raw_soil_data/2015_2/EL5739 4Nov15-1838.txt",2015-08-16 10:00:00,1216,10,1,1
"data-raw/raw_soil_data/2015_2/EL5743 4Nov15-1828.txt",2015-08-16 10:00:00,1181,10,1,1
"data-raw/raw_soil_data/2015_2/EL5739 4Nov15-1838.txt",2015-08-17 10:00:00,1223,10,1,1
"data-raw/raw_soil_data/2015_2/EL5743 4Nov15-1828.txt",2015-08-17 10:00:00,1187,12,1,1
"data-raw/raw_soil_data/2015_2/EL5739 4Nov15-1838.txt",2015-08-18 10:00:00,1230,10,1,1
"data-raw/raw_soil_data/2015_2/EL5743 4Nov15-1828.txt",2015-08-18 12:00:00,1193,14,1,1
"data-raw/raw_soil_data/2015_2/EL5739 4Nov15-1838.txt",2015-08-19 10:00:00,1236,12,1,1
"data-raw/raw_soil_data/2015_2/EL5743 4Nov15-1828.txt",2015-08-19 12:00:00,1198,14,1,1
"data-raw/raw_soil_data/2015_2/EL5739 4Nov15-1838.txt",2015-08-20 10:00:00,1242,12,1,1
"data-raw/raw_soil_data/2015_2/EL5743 4Nov15-1828.txt",2015-08-20 12:00:00,1203,14,1,1
"data-raw/raw_soil_data/2015_2/EL5739 4Nov15-1838.txt",2015-08-21 10:00:00,1249,10,1,1
"data-raw/raw_soil_data/2015_2/EL5743 4Nov15-1828.txt",2015-08-21 10:00:00,1208,12,1,1
"data-raw/raw_soil_data/2015_2/EL5739 4Nov15-1838.txt",2015-08-22 14:00:00,1257,12,1,1
"data-raw/raw_soil_data/2015_2/EL5743 4Nov15-1828.txt",2015-08-22 14:00:00,1215,14,1,1
"data-raw/raw_soil_data/2015_2/EL5739 4Nov15-1838.txt",2015-08-23 12:00:00,1261,14,1,1
"data-raw/raw_soil_data/2015_2/EL5743 4Nov15-1828.txt",2015-08-23 12:00:00,1218,16,1,1
"data-raw/raw_soil_data/2015_2/EL5739 4Nov15-1838.txt",2015-08-24 10:00:00,1266,12,1,1
"data-raw/raw_soil_data/2015_2/EL5743 4Nov15-1828.txt",2015-08-24 10:00:00,1223,12,1,1
"data-raw/raw_soil_data/2015_2/EL5739 4Nov15-1838.txt",2015-08-25 10:00:00,1273,10,1,1
"data-raw/raw_soil_data/2015_2/EL5743 4Nov15-1828.txt",2015-08-25 10:00:00,1229,12,1,1
"data-raw/raw_soil_data/2015_2/EL5739 4Nov15-1838.txt",2015-08-26 08:00:00,1280,8,1,1
"data-raw/raw_soil_data/2015_2/EL5743 4Nov15-1828.txt",2015-08-26 08:00:00,1235,10,1,1
"data-raw/raw_soil_data/2015_2/EL5739 4Nov15-1838.txt",2015-08-27 12:00:00,1287,14,1,1
"data-raw/raw_soil_data/2015_2/EL5743 4Nov15-1828.txt",2015-08-27 12:00:00,1242,14,1,1
"data-raw/raw_soil_data/2015_2/EL5743 4Nov15-1828.txt",2015-08-28 02:00:00,1247,4,1,1
"data-raw/raw_soil_data/2015_2/EL5739 4Nov15-1838.txt",2015-08-28 10:00:00,1292,12,1,1
"data-raw/raw_soil_data/2015_2/EL5743 4Nov15-1828.txt",2015-08-28 10:00:00,1249,119058,1,1
"data-raw/raw_soil_data/2015_2/EL5739 4Nov15-1838.txt",2015-08-29 00:00:00,1298,2,1,1
"data-raw/raw_soil_data/2015_2/EL5743 4Nov15-1828.txt",2015-08-29 06:00:00,1255,8,1,1
"data-raw/raw_soil_data/2015_2/EL5739 4Nov15-1838.txt",2015-08-29 10:00:00,1299,8,1,1
"data-raw/raw_soil_data/2015_2/EL5743 4Nov15-1828.txt",2015-08-29 10:00:00,1256,2,1,1
"data-raw/raw_soil_data/2015_2/EL5739 4Nov15-1838.txt",2015-08-30 12:00:00,1306,12,1,1
"data-raw/raw_soil_data/2015_2/EL5743 4Nov15-1828.txt",2015-08-30 14:00:00,1263,14,1,1
"data-raw/raw_soil_data/2015_2/EL5742 4Nov15-1820.txt",2015-09-18 10:00:00,1690,6,1,1
"data-raw/raw_soil_data/2015_2/EL5742 4Nov15-1820.txt",2015-09-19 10:00:00,1696,12,1,1
"data-raw/raw_soil_data/2015_2/EM20085 4Nov15-1134.txt",2015-10-22 10:00:00,6681,2,1,1
"data-raw/raw_soil_data/2015_2/EM20085 4Nov15-1134.txt",2015-10-24 06:00:00,6702,2,1,1
"data-raw/raw_soil_data/2015_2/EM20085 4Nov15-1134.txt",2015-10-27 10:00:00,6736,8,1,1
"data-raw/raw_soil_data/2015_2/EM20085 4Nov15-1134.txt",2015-10-28 12:00:00,6741,16,1,1
"data-raw/raw_soil_data/2015_2/EM20085 4Nov15-1134.txt",2015-10-29 10:00:00,6750,4,1,1
"data-raw/raw_soil_data/2015_2/EM20068 4Nov15-1138.txt",2049-01-31 20:00:00,5286,294530,1,1
"data-raw/raw_soil_data/2013_2/EM6843_2013_11_09-processed.txt",2057-09-12 02:00:00,76,388450,1,1
